model_id,nrmse,r,r2,rmse
SalinityLSTM,0.08815688133717546,0.8812188994499778,0.7581467222776651,3.1436743884836766
