,epoch,loss,val_loss,time,val_time
0,0,2.4684031009674072,4.087502479553223,0.07988381385803223,0.025743722915649414
1,1,3.213827133178711,3.327939510345459,0.0651085376739502,0.0307466983795166
2,2,2.899468421936035,2.9282712936401367,0.06421709060668945,0.031801462173461914
3,3,2.691229820251465,2.904428720474243,0.06927824020385742,0.025428295135498047
4,4,2.712007761001587,2.832986831665039,0.07365822792053223,0.02641463279724121
5,5,2.666149377822876,2.8652448654174805,0.057447195053100586,0.03756380081176758
6,6,2.629422426223755,2.944230794906616,0.06836152076721191,0.023652315139770508
7,7,2.694577693939209,2.908815622329712,0.06915926933288574,0.02786111831665039
8,8,2.595874786376953,2.8995931148529053,0.0712122917175293,0.025468111038208008
9,9,2.530588388442993,2.984292507171631,0.0567469596862793,0.04108619689941406
10,10,2.5077884197235107,3.1327202320098877,0.06506872177124023,0.019774913787841797
11,11,2.5473694801330566,3.3468942642211914,0.06351709365844727,0.032090187072753906
12,12,2.540203094482422,3.6803054809570312,0.06333780288696289,0.0345761775970459
13,13,2.4846034049987793,4.182211875915527,0.06023716926574707,0.03169393539428711
14,14,2.4292638301849365,4.8505635261535645,0.06334257125854492,0.03150439262390137
15,15,2.3941712379455566,5.50171422958374,0.0637807846069336,0.03083944320678711
16,16,2.362410068511963,5.855288982391357,0.06337141990661621,0.01606273651123047
17,17,2.4090096950531006,5.598949432373047,0.07960820198059082,0.015647172927856445
18,18,2.364647388458252,5.028170585632324,0.06335258483886719,0.03151702880859375
19,19,2.2930428981781006,4.545660495758057,0.07851862907409668,0.015967607498168945
20,20,2.299027919769287,4.1579084396362305,0.06334948539733887,0.031913042068481445
21,21,2.3004655838012695,3.89121675491333,0.06377315521240234,0.03207755088806152
22,22,2.3014097213745117,3.6713006496429443,0.06330370903015137,0.031360626220703125
23,23,2.2315032482147217,3.494199514389038,0.06334757804870605,0.03198575973510742
24,24,2.238813638687134,3.3664298057556152,0.06289362907409668,0.015986204147338867
25,25,2.184147596359253,,0.08596086502075195,
