model_id,nrmse,r,r2,rmse
SalinityLSTM,0.10279857171518728,0.8250808547269057,0.6736130053364473,3.665797067363578
