rmse,rmse_top10,rmse_bot10,rmse_bot90,mean_bias,mean_bias_top10,mean_bias_bot10,mean_bias_bot90,pbias,pbias_top10,pbias_bot10,pbias_bot90,nse,nse_top10,nse_bot10,nse_bot90,kge,kge_top10,kge_bot10,kge_bot90,n_obs
3.9069758472890355,1.0301188535007026,2.363418812645332,4.10397446738675,1.2546530412946426,-0.9796551077706478,1.7977439662388395,1.5029095023018972,1.6782555244517883,,,,0.7533829395027183,-15.590870033736046,-1.1755471878170707,0.6701195905389132,0.8638678386911536,0.10580659835439377,0.5748048625532671,0.7925216162610443,280.0
5.239769861244089,10.00559108831924,6.628534446910635,4.369419995413053,0.2899602552844636,-1.6467863655090333,6.197383823394775,0.5128951181096143,0.43211158534187993,,,,0.308823924758191,-84.25599576466097,-21.975008414344412,0.2933114008784041,0.6536227717057858,-6.857558866362979,-0.0019878049324177915,0.6023006139157425,155.0
5.744666745792086,1.5844871730421712,6.9169178286438076,6.03655407413739,3.340003095059781,-1.3945984497070318,6.853481384277345,3.873980712890625,4.6908998417975525,,,,0.5639633215617497,-8.248976025460545,-54.055707341041334,0.43448462781730524,0.8162720410125561,0.20990219304880953,-0.30136096286661673,0.8212460687978921,148.0
4.490795305544141,5.982326747004427,4.227076659485323,4.235201210901837,-0.7263286402837139,-5.5210565747712765,3.6501178139134463,-0.13797575655039251,-1.0956056945006738,,,,-0.17384431648950138,-17.891427007489543,-4.937620059060153,-0.33937624322810134,0.4127781523615832,0.003948273228789101,0.36838047417280395,0.3994616722518006,191.0
12.684969352756728,24.66720040843031,3.09741696537896,10.573255312851405,-2.8472575083180867,-11.267520515735336,2.7689751493013826,-1.9415290289658766,-4.04354382083981,,,,-8.158631739839834,-199.57775413721336,-4.618316995608338,-7.6201479421166844,-1.0955650588869585,-10.672773065413612,0.4709200768147328,-1.0794793110538716,261.0
