rmse,rmse_top10,rmse_bot10,rmse_bot90,mean_bias,mean_bias_top10,mean_bias_bot10,mean_bias_bot90,pbias,pbias_top10,pbias_bot10,pbias_bot90,nse,nse_top10,nse_bot10,nse_bot90,kge,kge_top10,kge_bot10,kge_bot90,n_obs
3.9069758472890355,1.0301188535007026,2.363418812645332,4.10397446738675,1.2546530412946426,-0.9796551077706478,1.7977439662388395,1.5029095023018972,1.6782555244517883,,,,0.7533829395027183,-15.590870033736046,-1.1755471878170707,0.6701195905389132,0.8638678386911536,0.10580659835439377,0.5748048625532671,0.7925216162610443,280.0
3.8590879766114896,4.479471552078759,5.736272345143131,3.781149910326294,0.4042268046717494,3.803334560394287,5.4805485630035395,0.012962602574191044,0.6023966465094746,,,,0.6250842972071696,-16.088069308820803,-16.206009919457486,0.4707896935207043,0.8090338853823504,-0.5981874620001868,0.2172958682358298,0.7120412047769729,155.0
5.363141208439894,3.161559784730802,5.555426270492598,5.556973585322435,2.348939126504434,-2.932215433756511,5.471703175862632,2.94455806187221,3.298990409083592,,,,0.6199578147504657,-35.82298538030188,-34.515005828102225,0.5207712230476788,0.8016213772181363,-0.563262202223872,-0.2133951802283085,0.8156663003130976,148.0
4.324602794295303,3.733841491511967,5.475836691127152,4.380013658697078,0.2361926780820522,-3.221011159796462,4.563804666619552,0.6519113426877745,0.35627679917038685,,,,-0.08857017387907096,-6.359295802666083,-8.963986515660563,-0.43253560474263564,0.49577098737713166,0.21592178148417074,-0.25657107061584017,0.4083056468091595,191.0
15.854393477048177,22.205081311084523,3.433953472502677,15.01011342100919,-2.5127876180889954,-7.590827736487757,3.2301892148531404,-1.9936741473532131,-3.5685451057809403,,,,-13.307080375527596,-161.53532925497487,-5.905509176143922,-16.37261634003058,-1.8956333572350643,-10.075479554101143,0.4950673489055819,-2.3019522734208193,261.0
