,epoch,loss,val_loss,time,val_time
0,0,5.5291595458984375,5.531101226806641,0.04321098327636719,0.013633966445922852
1,1,5.5289435386657715,5.529232978820801,0.042784929275512695,0.019485950469970703
2,2,5.528146266937256,5.527711868286133,0.04068779945373535,0.0197908878326416
3,3,5.527552604675293,5.527286529541016,0.042268991470336914,0.02012014389038086
4,4,5.527688980102539,5.527097225189209,0.040273189544677734,0.02060699462890625
5,5,5.527243614196777,5.527427673339844,0.041383981704711914,0.012875080108642578
6,6,5.526668071746826,5.5275444984436035,0.04373502731323242,0.013700008392333984
7,7,5.526303768157959,5.526988983154297,0.0404810905456543,0.020346879959106445
8,8,5.525774002075195,5.526383399963379,0.04558515548706055,0.07632684707641602
9,9,5.52708625793457,5.526974201202393,0.0414891242980957,0.013962984085083008
10,10,5.525789737701416,5.527427673339844,0.042981863021850586,0.013726949691772461
11,11,5.526120662689209,5.5274834632873535,0.04271292686462402,0.013881206512451172
12,12,5.526272773742676,5.527044296264648,0.04123687744140625,0.013166666030883789
13,13,5.526155948638916,5.526773929595947,0.04242515563964844,0.014059066772460938
14,14,5.526411056518555,5.52670955657959,0.04200315475463867,0.014364242553710938
15,15,5.526627540588379,5.5266947746276855,0.042264699935913086,0.013417959213256836
16,16,5.526546001434326,5.526792049407959,0.045686960220336914,0.01463007926940918
17,17,5.526478290557861,5.527097225189209,0.043335914611816406,0.013664960861206055
18,18,5.5263519287109375,5.527435302734375,0.044358015060424805,0.013614892959594727
19,19,5.526443004608154,5.5274739265441895,0.039952993392944336,0.01300191879272461
20,20,5.526381969451904,5.527156829833984,0.04129362106323242,0.01312398910522461
21,21,5.526278972625732,5.526862144470215,0.041673898696899414,0.013499975204467773
22,22,5.526235580444336,5.526665210723877,0.041825056076049805,0.013571739196777344
23,23,5.526244163513184,5.526577472686768,0.041524410247802734,0.013770103454589844
24,24,5.52614688873291,5.526595592498779,0.04131674766540527,0.013091087341308594
25,25,5.526110649108887,5.526666164398193,0.04211091995239258,0.013076066970825195
26,26,5.526097297668457,5.526673316955566,0.042623043060302734,0.014103174209594727
27,27,5.525985240936279,5.526582717895508,0.04259610176086426,0.013387203216552734
28,28,5.526031970977783,5.526463031768799,0.039335012435913086,0.012938976287841797
29,29,5.525876045227051,,0.04066014289855957,
