,epoch,loss,val_loss,time,val_time
0,0,5.5291595458984375,5.531101226806641,0.043283939361572266,0.01446986198425293
1,1,5.5289435386657715,5.529232978820801,0.04735994338989258,0.015139102935791016
2,2,5.528146266937256,5.527711868286133,0.04950714111328125,0.015636920928955078
3,3,5.527552604675293,5.527286529541016,0.04803204536437988,0.015288114547729492
4,4,5.527688980102539,5.527097225189209,0.04602313041687012,0.015741825103759766
5,5,5.527243614196777,5.527427673339844,0.04731893539428711,0.015934228897094727
6,6,5.526668071746826,5.5275444984436035,0.048458099365234375,0.015629053115844727
7,7,5.526303768157959,5.526988983154297,0.04904985427856445,0.01605081558227539
8,8,5.525774002075195,5.526383399963379,0.04517197608947754,0.01517486572265625
9,9,5.52708625793457,5.526974201202393,0.045361995697021484,0.014234066009521484
10,10,5.525789737701416,5.527427673339844,0.04386591911315918,0.01453089714050293
11,11,5.526120662689209,5.5274834632873535,0.049730777740478516,0.015395164489746094
12,12,5.526272773742676,5.527044296264648,0.04566192626953125,0.0162351131439209
13,13,5.526155948638916,5.526773929595947,0.046190738677978516,0.013392925262451172
14,14,5.526411056518555,5.52670955657959,0.043612003326416016,0.013550996780395508
15,15,5.526627540588379,5.5266947746276855,0.045614004135131836,0.014956951141357422
16,16,5.526546001434326,5.526792049407959,0.04800605773925781,0.016057968139648438
17,17,5.526478290557861,5.527097225189209,0.045683860778808594,0.015362977981567383
18,18,5.5263519287109375,5.527435302734375,0.046140193939208984,0.01484990119934082
19,19,5.526443004608154,5.5274739265441895,0.04512810707092285,0.014326095581054688
20,20,5.526381969451904,5.527156829833984,0.043335914611816406,0.01439523696899414
21,21,5.526278972625732,5.526862144470215,0.04446220397949219,0.014010190963745117
22,22,5.526235580444336,5.526665210723877,0.04531526565551758,0.014387845993041992
23,23,5.526244163513184,5.526577472686768,0.04558992385864258,0.013871192932128906
24,24,5.52614688873291,5.526595592498779,0.04416799545288086,0.014242172241210938
25,25,5.526110649108887,5.526666164398193,0.046147823333740234,0.013984918594360352
26,26,5.526097297668457,5.526673316955566,0.04471302032470703,0.013747215270996094
27,27,5.525985240936279,5.526582717895508,0.04378199577331543,0.013796091079711914
28,28,5.526031970977783,5.526463031768799,0.04607391357421875,0.014531850814819336
29,29,5.525876045227051,,0.043992042541503906,
