model_id,nrmse,r,r2,rmse
SalinityLSTM,0.0920646298338504,0.8578567044351697,0.7358495267060697,3.283024699875105
