,epoch,loss,val_loss,time,val_time
0,0,1.8766061067581177,5.2753448486328125,0.09553933143615723,0.05794262886047363
1,1,4.142683982849121,2.410376787185669,0.06903791427612305,0.031812191009521484
2,2,2.0334606170654297,2.028646945953369,0.12710976600646973,0.031731367111206055
3,3,1.9996987581253052,2.076143741607666,0.11035561561584473,0.017278432846069336
4,4,2.1042304039001465,2.0864734649658203,0.12552475929260254,0.0320277214050293
5,5,2.1060070991516113,2.0728421211242676,0.11068582534790039,0.06356072425842285
6,6,2.05051851272583,2.069545030593872,0.09429574012756348,0.03176116943359375
7,7,1.9986183643341064,2.1293134689331055,0.14296865463256836,0.03160572052001953
8,8,1.9915744066238403,2.2235758304595947,0.11124873161315918,0.0647587776184082
9,9,1.9994139671325684,2.2523422241210938,0.11069154739379883,0.01565694808959961
10,10,1.9801621437072754,2.1936960220336914,0.11092662811279297,0.07197356224060059
11,11,1.929498553276062,2.1438090801239014,0.07077717781066895,0.032030344009399414
12,12,1.9220542907714844,2.086808919906616,0.147538423538208,0.07457327842712402
13,13,1.9012306928634644,2.0628440380096436,0.07934141159057617,0.01592230796813965
14,14,1.9013715982437134,2.056364059448242,0.17247366905212402,0.028008699417114258
15,15,1.87529718875885,2.067415237426758,0.07066988945007324,0.03172111511230469
16,16,1.828675389289856,2.119492769241333,0.06366705894470215,0.01566314697265625
17,17,1.798768162727356,2.202526569366455,0.11053800582885742,0.03162407875061035
18,18,1.8066990375518799,2.2086257934570312,0.08043289184570312,0.03005504608154297
19,19,1.8017396926879883,2.1619138717651367,0.07865691184997559,0.031697988510131836
20,20,1.7911282777786255,2.128018856048584,0.0986948013305664,0.06132006645202637
21,21,1.7890251874923706,2.1666512489318848,0.09570956230163574,0.03376889228820801
22,22,1.7794488668441772,2.197770595550537,0.12549471855163574,0.07960772514343262
23,23,1.7544300556182861,,0.1741480827331543,
