,epoch,loss,val_loss,time,val_time
0,0,3.829005002975464,3.76716947555542,0.06374669075012207,0.022164344787597656
1,1,3.735008478164673,3.7660956382751465,0.0707552433013916,0.02778029441833496
2,2,3.827507734298706,3.7668991088867188,0.052986860275268555,0.03718280792236328
3,3,3.7055957317352295,3.758446216583252,0.07420516014099121,0.027446985244750977
4,4,3.831563949584961,3.7685821056365967,0.0662086009979248,0.02289891242980957
5,5,3.6936793327331543,3.7702105045318604,0.07423877716064453,0.016132593154907227
6,6,3.6455113887786865,3.768378734588623,0.06474089622497559,0.033380985260009766
7,7,3.679319381713867,3.7745611667633057,0.0667879581451416,0.025321483612060547
8,8,3.6774537563323975,3.7812018394470215,0.06370258331298828,0.031708717346191406
9,9,3.644174098968506,3.7871785163879395,0.0629889965057373,0.0317385196685791
10,10,3.5899434089660645,3.790452003479004,0.07901597023010254,0.015938520431518555
11,11,3.5662240982055664,3.7914793491363525,0.07959842681884766,0.01609039306640625
12,12,3.6237308979034424,3.793356418609619,0.06373047828674316,0.03196310997009277
13,13,3.7282001972198486,3.8075673580169678,0.06350588798522949,0.03535819053649902
14,14,3.550992727279663,3.8190603256225586,0.06633710861206055,0.024580955505371094
15,15,3.5676746368408203,3.825151205062866,0.0636756420135498,0.029854297637939453
16,16,3.6249356269836426,3.83097767829895,0.06530165672302246,0.026930570602416992
17,17,3.619990110397339,3.8374102115631104,0.07089424133300781,0.021341800689697266
18,18,3.5296244621276855,3.8401834964752197,0.06922483444213867,0.024839162826538086
19,19,3.5142734050750732,3.8419597148895264,0.05417156219482422,0.03954601287841797
20,20,3.489863872528076,3.847196340560913,0.06719231605529785,0.01977396011352539
21,21,3.4854278564453125,3.8561320304870605,0.06284451484680176,0.031699180603027344
22,22,3.4411401748657227,3.866600275039673,0.0755460262298584,0.024221420288085938
23,23,3.4233973026275635,3.8774194717407227,0.06114912033081055,0.03390908241271973
24,24,3.4031522274017334,,0.0662851333618164,
