,epoch,loss,val_loss,time,val_time
0,0,1.9941333532333374,2.436753273010254,0.10608792304992676,0.041307687759399414
1,1,2.3905296325683594,2.2817022800445557,0.12498331069946289,0.04999041557312012
2,2,2.2866382598876953,2.074470281600952,0.11779284477233887,0.03701472282409668
3,3,2.1701407432556152,1.9079573154449463,0.11147165298461914,0.03761792182922363
4,4,2.1123709678649902,1.846312403678894,0.10416460037231445,0.03690528869628906
5,5,2.1877670288085938,1.813927173614502,0.10500025749206543,0.0394136905670166
6,6,2.0840978622436523,1.8887065649032593,0.107513427734375,0.043923139572143555
7,7,1.9949897527694702,1.9692740440368652,0.10799717903137207,0.03856539726257324
8,8,2.0219242572784424,2.00754976272583,0.1113429069519043,0.03415369987487793
9,9,2.0233962535858154,2.000174045562744,0.11292648315429688,0.036725521087646484
10,10,2.0243122577667236,1.9517879486083984,0.10856747627258301,0.035196781158447266
11,11,1.997428297996521,1.9009720087051392,0.10812664031982422,0.036232948303222656
12,12,1.9759560823440552,1.8554314374923706,0.1141359806060791,0.03428792953491211
13,13,1.9479773044586182,1.8218350410461426,0.11237549781799316,0.036305904388427734
14,14,1.9397046566009521,1.823703646659851,0.10157179832458496,0.03567051887512207
15,15,1.937220573425293,1.8917068243026733,0.12047529220581055,0.03592109680175781
16,16,1.9110723733901978,1.9131392240524292,0.13057374954223633,0.042125701904296875
17,17,1.9153469800949097,1.8849711418151855,0.10619449615478516,0.0345311164855957
18,18,1.894191861152649,1.8548493385314941,0.10854029655456543,0.03428053855895996
19,19,1.880586862564087,1.8442587852478027,0.10457921028137207,0.03434324264526367
20,20,1.8902692794799805,1.8496956825256348,0.10683894157409668,0.03415274620056152
21,21,1.8528308868408203,1.8717212677001953,0.11536622047424316,0.03893280029296875
22,22,1.8620978593826294,1.8828480243682861,0.10108590126037598,0.04030299186706543
23,23,1.8646793365478516,1.8765647411346436,0.10466718673706055,0.03882265090942383
24,24,1.852350115776062,1.8984016180038452,0.10883235931396484,0.03556680679321289
25,25,1.824493408203125,1.9418752193450928,0.13299107551574707,0.03465008735656738
26,26,1.8042268753051758,,0.10366940498352051,
