,epoch,loss,val_loss,time,val_time
0,0,4.058860778808594,4.110846996307373,0.0678715705871582,0.03220629692077637
1,1,3.9477386474609375,4.055037975311279,0.06322240829467773,0.036716461181640625
2,2,3.976012706756592,4.007286548614502,0.059979915618896484,0.030385255813598633
3,3,3.8656957149505615,3.9578065872192383,0.07914161682128906,0.015828371047973633
4,4,3.8751583099365234,3.9413607120513916,0.07945895195007324,0.0313868522644043
5,5,3.8962557315826416,3.9319958686828613,0.06370162963867188,0.03267312049865723
6,6,3.7980899810791016,3.937168598175049,0.06241655349731445,0.031372785568237305
7,7,3.8004519939422607,3.9734809398651123,0.06341218948364258,0.03190279006958008
8,8,3.7877964973449707,4.039736747741699,0.06381845474243164,0.034613847732543945
9,9,3.807664155960083,4.0763654708862305,0.07851362228393555,0.02852344512939453
10,10,3.7333760261535645,4.153835296630859,0.07765364646911621,0.015882253646850586
11,11,3.7445216178894043,4.226678848266602,0.08056020736694336,0.014603614807128906
12,12,3.710536479949951,4.321822166442871,0.07987070083618164,0.029734134674072266
13,13,3.7020955085754395,4.440232276916504,0.06308126449584961,0.03873801231384277
14,14,3.7245490550994873,4.499421119689941,0.07073068618774414,0.027179956436157227
15,15,3.6821517944335938,4.5645833015441895,0.06701254844665527,0.031240463256835938
16,16,3.668759346008301,4.656801223754883,0.0696260929107666,0.025406837463378906
17,17,3.652977228164673,4.774444103240967,0.061934709548950195,0.03182649612426758
18,18,3.6423208713531494,4.85203742980957,0.06349945068359375,0.039465904235839844
19,19,3.63220477104187,4.890232563018799,0.15120363235473633,0.01566147804260254
20,20,3.628358840942383,4.864129543304443,0.07956528663635254,0.03174138069152832
21,21,3.5965189933776855,4.820723056793213,0.06305217742919922,0.03648209571838379
22,22,3.5910847187042236,4.779160976409912,0.07418656349182129,0.015648603439331055
23,23,3.576129674911499,4.713037967681885,0.0795900821685791,0.0315401554107666
24,24,3.559220790863037,4.635463237762451,0.06355881690979004,0.031327247619628906
25,25,3.627256155014038,4.440873146057129,0.06369352340698242,0.03177666664123535
26,26,3.5640487670898438,,0.0642094612121582,
