,epoch,loss,val_loss,time,val_time
0,0,3.7627930641174316,4.215597152709961,0.08699822425842285,0.024800777435302734
1,1,3.8173046112060547,4.163055419921875,0.06308841705322266,0.03183579444885254
2,2,3.7381510734558105,4.133175373077393,0.06366372108459473,0.03221321105957031
3,3,3.7514641284942627,4.10551118850708,0.0633847713470459,0.032041311264038086
4,4,3.7225327491760254,4.105751991271973,0.06295585632324219,0.03196239471435547
5,5,3.7341716289520264,4.112980365753174,0.06380009651184082,0.03152775764465332
6,6,3.6957926750183105,4.137240409851074,0.07942986488342285,0.02108025550842285
7,7,3.677238702774048,4.167537689208984,0.07355833053588867,0.01600027084350586
8,8,3.6720306873321533,4.192862033843994,0.0793302059173584,0.0159299373626709
9,9,3.666558027267456,4.202713966369629,0.0791313648223877,0.03689980506896973
10,10,3.6496191024780273,4.20388650894165,0.09030580520629883,0.03203535079956055
11,11,3.66910457611084,4.198770046234131,0.09447932243347168,0.015996456146240234
12,12,3.7046706676483154,4.189788341522217,0.06807994842529297,0.027172565460205078
13,13,3.6394357681274414,4.1764140129089355,0.07328248023986816,0.02190232276916504
14,14,3.622647523880005,4.157900810241699,0.15832138061523438,0.02059459686279297
15,15,3.618447780609131,4.140399932861328,0.05894899368286133,0.04113411903381348
16,16,3.5977537631988525,4.12679386138916,0.05413389205932617,0.03187084197998047
17,17,3.581569194793701,4.120059967041016,0.06332111358642578,0.03180551528930664
18,18,3.5727851390838623,4.118813991546631,0.06345152854919434,0.01584649085998535
19,19,3.5647647380828857,4.117541313171387,0.07875871658325195,0.023929357528686523
20,20,3.55657958984375,4.1133222579956055,0.05513787269592285,0.031622886657714844
21,21,3.5367865562438965,4.111347675323486,0.06310772895812988,0.03179049491882324
22,22,3.520698070526123,4.113583564758301,0.07853960990905762,0.022026777267456055
23,23,3.5145838260650635,4.116384029388428,0.0757288932800293,0.026786327362060547
24,24,3.4985780715942383,,0.06420183181762695,
