,epoch,loss,val_loss,time,val_time
0,0,2.557509183883667,3.012958288192749,0.06324100494384766,0.029456138610839844
1,1,2.945361614227295,3.048722267150879,0.06552338600158691,0.016003131866455078
2,2,2.831200361251831,3.069551706314087,0.07330727577209473,0.031287431716918945
3,3,2.677488088607788,3.024723529815674,0.07001900672912598,0.016132354736328125
4,4,2.5392472743988037,2.9695851802825928,0.08262324333190918,0.031429290771484375
5,5,2.5370121002197266,3.0880610942840576,0.059621572494506836,0.030521392822265625
6,6,2.468622922897339,3.2648539543151855,0.0636894702911377,0.015418052673339844
7,7,2.403952121734619,3.6110596656799316,0.07942867279052734,0.03132820129394531
8,8,2.364969491958618,4.315581321716309,0.06350445747375488,0.026163578033447266
9,9,2.4104537963867188,4.258184432983398,0.06844353675842285,0.016098737716674805
10,10,2.409919500350952,4.3993754386901855,0.0743863582611084,0.019777297973632812
11,11,2.3876190185546875,4.7332634925842285,0.06294417381286621,0.03154110908508301
12,12,2.349947690963745,5.293151378631592,0.06334233283996582,0.03162050247192383
13,13,2.300492525100708,5.26171350479126,0.06267356872558594,0.031888723373413086
14,14,2.2481110095977783,4.875800132751465,0.06310343742370605,0.01566791534423828
15,15,2.258122205734253,4.315242767333984,0.07921791076660156,0.015933752059936523
16,16,2.2252912521362305,3.9683780670166016,0.06435298919677734,0.04012751579284668
17,17,2.239445924758911,3.835327625274658,0.06590771675109863,0.024335384368896484
18,18,2.216014862060547,3.9117095470428467,0.0748751163482666,0.01569199562072754
19,19,2.1831822395324707,4.015259265899658,0.06322360038757324,0.0318303108215332
20,20,2.171231508255005,3.9972634315490723,0.06362509727478027,0.031565189361572266
21,21,2.1588311195373535,4.227486610412598,0.06348991394042969,0.025730371475219727
22,22,2.1409080028533936,4.53610372543335,0.06943488121032715,0.03171181678771973
23,23,2.250262498855591,4.687328338623047,0.0630948543548584,0.03608345985412598
24,24,2.105459451675415,4.9958648681640625,0.059378862380981445,0.03174734115600586
25,25,2.100926637649536,,0.06895256042480469,
