,epoch,loss,val_loss,time,val_time
0,0,2.485539436340332,5.319468021392822,0.06944489479064941,0.027680397033691406
1,1,2.7788705825805664,4.624882698059082,0.05948066711425781,0.03838920593261719
2,2,3.13993239402771,3.1321778297424316,0.06672334671020508,0.01958751678466797
3,3,2.876422882080078,2.883796453475952,0.06356573104858398,0.03270697593688965
4,4,2.6474339962005615,2.9403820037841797,0.06252670288085938,0.03755545616149902
5,5,2.6007754802703857,2.738363027572632,0.05769491195678711,0.03667640686035156
6,6,2.514411449432373,2.7220957279205322,0.05900239944458008,0.034759521484375
7,7,2.455636739730835,2.898998498916626,0.06853008270263672,0.023662805557250977
8,8,2.500444173812866,2.9497547149658203,0.07081270217895508,0.02737879753112793
9,9,2.4856648445129395,2.8729519844055176,0.06489300727844238,0.023461103439331055
10,10,2.4260597229003906,3.051217555999756,0.0626988410949707,0.03219485282897949
11,11,2.449244976043701,3.571544647216797,0.062383174896240234,0.03176236152648926
12,12,2.423492670059204,3.7801146507263184,0.06344747543334961,0.015771150588989258
13,13,2.4610183238983154,3.6300690174102783,0.07873177528381348,0.03213858604431152
14,14,2.310629367828369,3.5315961837768555,0.06399273872375488,0.015642404556274414
15,15,2.2875447273254395,3.596949338912964,0.07277131080627441,0.02285170555114746
16,16,2.3009421825408936,3.300706148147583,0.06351733207702637,0.03144669532775879
17,17,2.2839584350585938,3.0949063301086426,0.05549430847167969,0.03155183792114258
18,18,2.2575159072875977,3.102292537689209,0.06312942504882812,0.031635284423828125
19,19,2.349971294403076,3.204162120819092,0.07940840721130371,0.0195310115814209
20,20,2.2621328830718994,3.435476541519165,0.07335543632507324,0.035974979400634766
21,21,2.233060359954834,3.7398173809051514,0.05925154685974121,0.03169679641723633
22,22,2.197171688079834,3.923888921737671,0.07467961311340332,0.022176742553710938
23,23,2.171830415725708,3.9505653381347656,0.06067299842834473,0.04131889343261719
24,24,2.2365236282348633,3.5930910110473633,0.06978821754455566,0.023634910583496094
25,25,2.1631391048431396,3.258765697479248,0.07274484634399414,0.025693178176879883
26,26,2.1625702381134033,3.0651371479034424,0.06392049789428711,0.025287866592407227
27,27,2.195312261581421,,0.07222580909729004,
