,epoch,loss,val_loss,time,val_time
0,0,3.99678897857666,4.006729602813721,0.062201499938964844,0.031502485275268555
1,1,3.9692015647888184,4.015551567077637,0.06306242942810059,0.032598018646240234
2,2,3.964548349380493,4.072880268096924,0.06279993057250977,0.034510135650634766
3,3,3.8333847522735596,4.144107818603516,0.07107734680175781,0.021278858184814453
4,4,3.8668577671051025,4.188222885131836,0.06341886520385742,0.03761887550354004
5,5,3.8180980682373047,4.220174789428711,0.06549906730651855,0.026792526245117188
6,6,3.7913568019866943,4.224975109100342,0.059987545013427734,0.03181815147399902
7,7,3.760894775390625,4.238255023956299,0.06543803215026855,0.014133214950561523
8,8,3.7885067462921143,4.2570648193359375,0.07922077178955078,0.019084692001342773
9,9,3.757477045059204,4.286567687988281,0.0757451057434082,0.024483442306518555
10,10,3.763662815093994,4.3238115310668945,0.07030463218688965,0.01564502716064453
11,11,3.7530694007873535,4.362068176269531,0.06347846984863281,0.03180575370788574
12,12,3.7487990856170654,4.400900363922119,0.06310462951660156,0.03166842460632324
13,13,3.8284034729003906,4.4355573654174805,0.06389164924621582,0.03212141990661621
14,14,3.737720489501953,4.467072010040283,0.0725715160369873,0.02210235595703125
15,15,3.7137317657470703,4.492107391357422,0.06389522552490234,0.03177642822265625
16,16,3.691164016723633,4.495781898498535,0.06345009803771973,0.031282663345336914
17,17,3.7174315452575684,4.482931137084961,0.06313681602478027,0.0347592830657959
18,18,3.7253260612487793,4.465495586395264,0.06048583984375,0.031499624252319336
19,19,3.693740129470825,4.444241046905518,0.06328225135803223,0.031807661056518555
20,20,3.703507661819458,4.423030853271484,0.06376051902770996,0.031900882720947266
21,21,3.6619629859924316,,0.06396770477294922,
