,epoch,loss,val_loss,time,val_time
0,0,5.528791904449463,5.531354904174805,0.07760787010192871,0.027001142501831055
1,1,5.528191089630127,5.529551982879639,0.07401442527770996,0.028359413146972656
2,2,5.527458190917969,5.5274658203125,0.0779421329498291,0.028302431106567383
3,3,5.526955604553223,5.526998519897461,0.0756525993347168,0.029230117797851562
4,4,5.5270676612854,5.526800632476807,0.08675646781921387,0.028564929962158203
5,5,5.526749134063721,5.526704788208008,0.08507561683654785,0.03043508529663086
6,6,5.52590799331665,5.527307033538818,0.07589149475097656,0.028824567794799805
7,7,5.525651454925537,5.528160095214844,0.0767066478729248,0.028767108917236328
8,8,5.525755882263184,5.528260707855225,0.07858920097351074,0.02587103843688965
9,9,5.526426315307617,5.528005123138428,0.07858824729919434,0.02999091148376465
10,10,5.527261257171631,5.527990818023682,0.07710409164428711,0.030231952667236328
11,11,5.52739953994751,5.528504848480225,0.08086109161376953,0.026487112045288086
12,12,5.527255535125732,5.528791904449463,0.07570362091064453,0.0272367000579834
13,13,5.5272216796875,5.52864933013916,0.07791662216186523,0.027349472045898438
14,14,5.52715539932251,5.528036117553711,0.07999920845031738,0.030313730239868164
15,15,5.5270256996154785,5.527387619018555,0.08045506477355957,0.026007890701293945
16,16,5.526851177215576,5.527006149291992,0.07337689399719238,0.031116724014282227
17,17,5.526849746704102,5.526893138885498,0.07720303535461426,0.029797792434692383
18,18,5.526721477508545,5.526918888092041,0.0845804214477539,0.036261558532714844
19,19,5.526485443115234,5.527197360992432,0.07781291007995605,0.029014110565185547
20,20,5.526291847229004,5.5273895263671875,0.08846282958984375,0.027673721313476562
21,21,5.526205062866211,5.527282238006592,0.07583880424499512,0.02805638313293457
22,22,5.5261149406433105,5.526966094970703,0.07761716842651367,0.028825998306274414
23,23,5.525917053222656,5.526821136474609,0.08230972290039062,0.028136491775512695
24,24,5.5259175300598145,5.52676248550415,0.07646369934082031,0.028395891189575195
25,25,5.525732517242432,5.5267767906188965,0.08436226844787598,0.02966928482055664
26,26,5.525643348693848,,0.07806539535522461,
