,epoch,loss,val_loss,time,val_time
0,0,1.8166853189468384,9.873028755187988,0.10645604133605957,0.037750244140625
1,1,6.840379238128662,2.642305850982666,0.10674166679382324,0.0626838207244873
2,2,2.1738991737365723,2.3042001724243164,0.21365809440612793,0.04279017448425293
3,3,2.1563658714294434,2.1097090244293213,0.11703014373779297,0.03278970718383789
4,4,2.104823112487793,2.0343382358551025,0.10154104232788086,0.060950517654418945
5,5,2.01127552986145,2.1863479614257812,0.09495377540588379,0.04778742790222168
6,6,2.0263009071350098,2.1085550785064697,0.11868572235107422,0.03733038902282715
7,7,1.9506804943084717,2.087515354156494,0.12489557266235352,0.05612969398498535
8,8,1.9484820365905762,2.098268985748291,0.11786627769470215,0.04525637626647949
9,9,1.9462978839874268,2.1114494800567627,0.1145942211151123,0.05652475357055664
10,10,1.9119648933410645,2.1451916694641113,0.09862351417541504,0.03462386131286621
11,11,1.875223994255066,2.2042789459228516,0.12459993362426758,0.045819997787475586
12,12,1.8580057621002197,2.228898763656616,0.10098147392272949,0.03340959548950195
13,13,1.8682445287704468,2.1968395709991455,0.10658478736877441,0.03888440132141113
14,14,1.8529157638549805,2.1819655895233154,0.12716126441955566,0.03674459457397461
15,15,1.829544186592102,2.2171356678009033,0.12171006202697754,0.03292512893676758
16,16,1.8089503049850464,2.286179542541504,0.14620733261108398,0.04697012901306152
17,17,1.8203805685043335,2.2708451747894287,0.10965633392333984,0.04145097732543945
18,18,1.811176061630249,2.171539545059204,0.10620999336242676,0.03970599174499512
19,19,1.791818618774414,2.110198736190796,0.12006998062133789,0.034096479415893555
20,20,1.7534061670303345,2.1560256481170654,0.11479544639587402,0.04165148735046387
21,21,1.7418992519378662,2.224792957305908,0.11897468566894531,0.03616023063659668
22,22,1.7452361583709717,2.0831351280212402,0.1137540340423584,0.03619122505187988
23,23,1.7263590097427368,2.0921361446380615,0.0997629165649414,0.03535628318786621
24,24,1.6995370388031006,2.2618677616119385,0.09878849983215332,0.03774428367614746
25,25,1.7163294553756714,,0.11644601821899414,
