,epoch,loss,val_loss,time,val_time
0,0,5.528416156768799,5.531241416931152,0.0745537281036377,0.027019023895263672
1,1,5.528608322143555,5.528913497924805,0.0731515884399414,0.025145769119262695
2,2,5.527352809906006,5.526947975158691,0.06931924819946289,0.029178619384765625
3,3,5.526790618896484,5.526552677154541,0.07203865051269531,0.02696371078491211
4,4,5.527041435241699,5.526346683502197,0.08529996871948242,0.02678370475769043
5,5,5.526437759399414,5.526413917541504,0.06847262382507324,0.031071186065673828
6,6,5.525720119476318,5.527331829071045,0.06978607177734375,0.027040481567382812
7,7,5.525671482086182,5.527900218963623,0.08647608757019043,0.024543285369873047
8,8,5.525656223297119,5.527840614318848,0.06849288940429688,0.02625894546508789
9,9,5.5256733894348145,5.527734756469727,0.07114648818969727,0.023970603942871094
10,10,5.525759220123291,5.5277838706970215,0.09213519096374512,0.0410008430480957
11,11,5.5257887840271,5.527669429779053,0.07510900497436523,0.02501511573791504
12,12,5.5257887840271,5.527438163757324,0.0738058090209961,0.02701735496520996
13,13,5.525783061981201,5.527245998382568,0.08880090713500977,0.02699899673461914
14,14,5.525493144989014,5.52710485458374,0.0800180435180664,0.026433229446411133
15,15,5.525486946105957,5.527002334594727,0.07494354248046875,0.02792811393737793
16,16,5.525599002838135,5.526854515075684,0.07857894897460938,0.02733325958251953
17,17,5.525565147399902,5.526749610900879,0.075897216796875,0.025788307189941406
18,18,5.525410175323486,5.526727676391602,0.0719912052154541,0.034346818923950195
19,19,5.525275230407715,5.526785850524902,0.07171368598937988,0.02507185935974121
20,20,5.525167465209961,5.526867866516113,0.07296037673950195,0.024072885513305664
21,21,5.525184154510498,5.526897430419922,0.07598042488098145,0.026293039321899414
22,22,5.525240421295166,5.52686071395874,0.0706634521484375,0.024646282196044922
23,23,5.525190353393555,5.526777744293213,0.0805666446685791,0.03828787803649902
24,24,5.525237083435059,5.526668548583984,0.09558796882629395,0.03812980651855469
25,25,5.525140285491943,,0.10345864295959473,
