,epoch,loss,val_loss,time,val_time
0,0,2.1138455867767334,3.532907009124756,0.12727046012878418,0.03182220458984375
1,1,2.6923272609710693,2.4223806858062744,0.12747526168823242,0.02546238899230957
2,2,2.160369873046875,2.143839120864868,0.14893269538879395,0.03148198127746582
3,3,2.0915284156799316,2.197237491607666,0.11970639228820801,0.023235321044921875
4,4,2.213615894317627,2.2221338748931885,0.11107826232910156,0.031647443771362305
5,5,2.2352592945098877,2.195873498916626,0.10682320594787598,0.02661418914794922
6,6,2.173226833343506,2.1766889095306396,0.0887751579284668,0.07960867881774902
7,7,2.0758626461029053,2.2311949729919434,0.09505462646484375,0.057903289794921875
8,8,2.0355124473571777,2.4139645099639893,0.14834880828857422,0.04779458045959473
9,9,2.0598537921905518,2.5617377758026123,0.12638115882873535,0.04810333251953125
10,10,2.0829720497131348,2.52384090423584,0.07892155647277832,0.03159976005554199
11,11,2.0247983932495117,2.407503128051758,0.12792134284973145,0.04001164436340332
12,12,1.9868308305740356,2.278404474258423,0.08678698539733887,0.03200125694274902
13,13,1.9691283702850342,2.251868486404419,0.10487008094787598,0.02501225471496582
14,14,1.9514319896697998,2.296888828277588,0.10716772079467773,0.03179764747619629
15,15,1.9399882555007935,2.3352808952331543,0.17455291748046875,0.0321044921875
16,16,1.9272125959396362,2.3066189289093018,0.0892190933227539,0.045719146728515625
17,17,1.9386149644851685,2.220703601837158,0.10279178619384766,0.0316464900970459
18,18,1.9007552862167358,2.175382137298584,0.17459559440612793,0.031546592712402344
19,19,1.8960988521575928,2.210205554962158,0.11140179634094238,0.04742288589477539
20,20,1.880743384361267,2.319399356842041,0.09541797637939453,0.04789900779724121
21,21,1.855165719985962,2.397027015686035,0.1269240379333496,0.030736207962036133
22,22,1.8211442232131958,2.3760628700256348,0.11153244972229004,0.03213787078857422
23,23,1.832578420639038,,0.09581542015075684,
