,epoch,loss,val_loss,time,val_time
0,0,3.9304723739624023,3.9811174869537354,0.07064461708068848,0.024321556091308594
1,1,3.943793296813965,3.9638702869415283,0.06338763236999512,0.03230404853820801
2,2,3.955275774002075,3.9880921840667725,0.06312799453735352,0.031508684158325195
3,3,3.844165563583374,4.009716987609863,0.06650662422180176,0.028570175170898438
4,4,3.910684823989868,3.9946353435516357,0.06346583366394043,0.03127336502075195
5,5,4.0233073234558105,3.973682403564453,0.06332683563232422,0.03187084197998047
6,6,3.8204450607299805,3.964712381362915,0.06367707252502441,0.031546831130981445
7,7,3.8156747817993164,3.9556877613067627,0.06289100646972656,0.03165578842163086
8,8,3.8856589794158936,3.9636154174804688,0.06364250183105469,0.03174591064453125
9,9,3.7887587547302246,4.0005927085876465,0.06395721435546875,0.015949249267578125
10,10,3.7415385246276855,4.098404884338379,0.07899856567382812,0.028665542602539062
11,11,3.775705337524414,4.2404255867004395,0.07128477096557617,0.023488521575927734
12,12,3.7486419677734375,4.465034008026123,0.06712484359741211,0.025554418563842773
13,13,3.7327654361724854,4.753891468048096,0.06335330009460449,0.031037092208862305
14,14,3.7568066120147705,4.970653533935547,0.06389713287353516,0.027823448181152344
15,15,3.7443182468414307,5.0712666511535645,0.07138562202453613,0.019860267639160156
16,16,3.7102506160736084,5.096468448638916,0.07226347923278809,0.0268857479095459
17,17,3.69268536567688,5.095266819000244,0.0665900707244873,0.027443885803222656
18,18,3.7232449054718018,5.075408935546875,0.0677347183227539,0.020862817764282227
19,19,3.6859898567199707,5.078549861907959,0.1272280216217041,0.03339648246765137
20,20,3.6531009674072266,5.10089635848999,0.06314945220947266,0.03814244270324707
21,21,3.655714273452759,5.1071977615356445,0.06511998176574707,0.02649712562561035
22,22,3.6333324909210205,5.124271392822266,0.06041240692138672,0.03140115737915039
23,23,3.629035711288452,5.1218976974487305,0.06337928771972656,0.034471750259399414
24,24,3.6152286529541016,5.099055767059326,0.059787750244140625,0.031908273696899414
25,25,3.6102471351623535,5.030930042266846,0.0745382308959961,0.03218269348144531
26,26,3.8071751594543457,4.742537975311279,0.06684446334838867,0.029549837112426758
27,27,3.5772645473480225,4.441037178039551,0.06747937202453613,0.02559041976928711
28,28,3.576862335205078,,0.06689953804016113,
