,epoch,loss,val_loss,time,val_time
0,0,3.9604454040527344,3.8619861602783203,0.06352734565734863,0.03254580497741699
1,1,3.9566147327423096,3.8817405700683594,0.0628349781036377,0.0368037223815918
2,2,3.8885161876678467,3.9095816612243652,0.05845308303833008,0.03204154968261719
3,3,3.8565948009490967,3.960097312927246,0.06353020668029785,0.031793832778930664
4,4,3.8738861083984375,4.067073345184326,0.07952117919921875,0.015712976455688477
5,5,3.8588109016418457,4.2215657234191895,0.07901668548583984,0.015790700912475586
6,6,3.8359274864196777,4.378340244293213,0.07901167869567871,0.01600337028503418
7,7,3.819350481033325,4.535402774810791,0.07912850379943848,0.01564192771911621
8,8,3.9743926525115967,4.362819194793701,0.08013582229614258,0.031088590621948242
9,9,3.8016936779022217,4.225983142852783,0.06897115707397461,0.026608943939208984
10,10,3.7885024547576904,4.121825695037842,0.06325793266296387,0.031691551208496094
11,11,3.785243272781372,4.057745456695557,0.06359434127807617,0.03086566925048828
12,12,3.7918307781219482,4.026228427886963,0.06349706649780273,0.0315251350402832
13,13,3.8460254669189453,3.995356321334839,0.14369940757751465,0.017116308212280273
14,14,3.7968215942382812,3.977613925933838,0.06304693222045898,0.03207063674926758
15,15,3.7713770866394043,3.968770742416382,0.0639333724975586,0.03184080123901367
16,16,3.8446145057678223,3.9314043521881104,0.08474183082580566,0.025475502014160156
17,17,3.7643580436706543,3.9146647453308105,0.06343936920166016,0.0337061882019043
18,18,3.7508151531219482,3.9058587551116943,0.0691673755645752,0.023387908935546875
19,19,3.7782814502716064,3.9041268825531006,0.06330990791320801,0.031826019287109375
20,20,3.7374370098114014,3.911763906478882,0.07228493690490723,0.022317171096801758
21,21,3.7089076042175293,,0.06714129447937012,
