,epoch,loss,val_loss,time,val_time
0,0,1.9816471338272095,3.8087024688720703,0.1069185733795166,0.05233335494995117
1,1,2.865443468093872,2.6162147521972656,0.1083836555480957,0.03885674476623535
2,2,2.124931573867798,2.1743175983428955,0.11887311935424805,0.04143190383911133
3,3,2.0613086223602295,2.190757989883423,0.11003422737121582,0.05180644989013672
4,4,2.173257350921631,2.213172674179077,0.11983036994934082,0.03766274452209473
5,5,2.201629161834717,2.1943657398223877,0.13889145851135254,0.03865694999694824
6,6,2.1839685440063477,2.175288200378418,0.13256144523620605,0.03786063194274902
7,7,2.1350245475769043,2.187628746032715,0.13086891174316406,0.03697538375854492
8,8,2.101588249206543,2.174814462661743,0.10548901557922363,0.037053585052490234
9,9,2.050004482269287,2.18465256690979,0.11719799041748047,0.04350423812866211
10,10,2.017089366912842,2.230823516845703,0.13727164268493652,0.03797602653503418
11,11,2.0168237686157227,2.28073787689209,0.12791800498962402,0.04054546356201172
12,12,2.019540309906006,2.281754970550537,0.1173086166381836,0.14992427825927734
13,13,1.9718636274337769,2.2713894844055176,0.1101374626159668,0.04178452491760254
14,14,1.9742072820663452,2.2104525566101074,0.11310577392578125,0.037103891372680664
15,15,1.935222864151001,2.1809346675872803,0.1759166717529297,0.03990745544433594
16,16,1.9087238311767578,2.1813085079193115,0.11086416244506836,0.04998588562011719
17,17,1.9221563339233398,2.195632219314575,0.11887788772583008,0.04181241989135742
18,18,1.8977867364883423,2.246622323989868,0.11533355712890625,0.04234504699707031
19,19,1.866304874420166,2.3419668674468994,0.11884713172912598,0.036968231201171875
20,20,1.8527398109436035,2.4176392555236816,0.12125968933105469,0.037056922912597656
21,21,1.832236647605896,2.447465181350708,0.13881683349609375,0.04069328308105469
22,22,1.8389766216278076,2.3901710510253906,0.10832333564758301,0.03410482406616211
23,23,1.8321012258529663,,0.1290757656097412,
