,epoch,loss,val_loss,time,val_time
0,0,3.9346439838409424,3.8563485145568848,0.06345772743225098,0.032871246337890625
1,1,3.9085428714752197,3.8833987712860107,0.062198638916015625,0.03170347213745117
2,2,3.8374359607696533,3.940221071243286,0.08089351654052734,0.023510456085205078
3,3,3.855938196182251,3.992384672164917,0.07571792602539062,0.0288236141204834
4,4,3.8602089881896973,4.060656547546387,0.05693221092224121,0.033097028732299805
5,5,3.835031747817993,4.149124622344971,0.059377431869506836,0.03670525550842285
6,6,3.832263469696045,4.231020450592041,0.05808305740356445,0.031982421875
7,7,3.7943451404571533,4.274106979370117,0.06356167793273926,0.03193831443786621
8,8,3.826488733291626,4.2673749923706055,0.06361794471740723,0.03479623794555664
9,9,4.05265998840332,4.209354400634766,0.07041049003601074,0.02189803123474121
10,10,3.7569563388824463,4.152189254760742,0.08804559707641602,0.026784896850585938
11,11,3.766798734664917,4.094971179962158,0.09885907173156738,0.023690462112426758
12,12,3.817255735397339,4.029865741729736,0.09125804901123047,0.02451491355895996
13,13,3.807382345199585,3.972231864929199,0.05569911003112793,0.032076120376586914
14,14,3.7366933822631836,3.9348504543304443,0.06372952461242676,0.015868425369262695
15,15,3.738948106765747,3.910128593444824,0.07941770553588867,0.015998363494873047
16,16,3.7603471279144287,3.8950517177581787,0.08644509315490723,0.02575993537902832
17,17,3.754882574081421,3.887718915939331,0.06801033020019531,0.015633106231689453
18,18,3.745643377304077,3.8888051509857178,0.07981538772583008,0.01729726791381836
19,19,3.7171058654785156,3.897142171859741,0.07830357551574707,0.025510311126708984
20,20,3.7154922485351562,3.9122579097747803,0.06949043273925781,0.015742778778076172
21,21,3.7275795936584473,,0.06374287605285645,
