,epoch,loss,val_loss,time,val_time
0,0,4.224943161010742,3.880767583847046,0.06390810012817383,0.035436391830444336
1,1,3.956455707550049,3.916853427886963,0.07278037071228027,0.033241987228393555
2,2,3.8848202228546143,3.942056894302368,0.0660700798034668,0.02500319480895996
3,3,3.905439853668213,3.9490935802459717,0.0632174015045166,0.02585005760192871
4,4,3.894033670425415,3.9416663646698,0.06375408172607422,0.025170326232910156
5,5,3.867872714996338,3.9200332164764404,0.058938026428222656,0.03315472602844238
6,6,3.8182380199432373,3.8981008529663086,0.06188154220581055,0.03447389602661133
7,7,3.8016717433929443,3.891303539276123,0.06125020980834961,0.030469179153442383
8,8,3.783190965652466,3.887036085128784,0.06263494491577148,0.031339406967163086
9,9,3.8191442489624023,3.8851518630981445,0.06321239471435547,0.028337717056274414
10,10,3.7635703086853027,3.8823018074035645,0.05151057243347168,0.039284706115722656
11,11,3.7647786140441895,3.882000207901001,0.05552339553833008,0.03804755210876465
12,12,3.774461030960083,3.8885281085968018,0.065216064453125,0.02768683433532715
13,13,3.7272911071777344,3.892690658569336,0.05919909477233887,0.03181290626525879
14,14,3.7527577877044678,3.895695924758911,0.06321978569030762,0.02891087532043457
15,15,3.708714008331299,3.8980581760406494,0.07408499717712402,0.024839401245117188
16,16,3.733696699142456,3.9000866413116455,0.06206512451171875,0.027510404586791992
17,17,3.6958653926849365,3.8998541831970215,0.07242083549499512,0.025300264358520508
18,18,3.686143159866333,3.8970069885253906,0.06384992599487305,0.02894306182861328
19,19,3.6967391967773438,3.892367124557495,0.06456923484802246,0.018060922622680664
20,20,3.689995288848877,3.8903870582580566,0.07666945457458496,0.02335047721862793
21,21,3.645193576812744,,0.05053305625915527,
