,epoch,loss,val_loss,time,val_time
0,0,1.910229206085205,6.431884765625,0.0951070785522461,0.01571369171142578
1,1,4.353472709655762,2.420958995819092,0.11156320571899414,0.03157472610473633
2,2,2.13978910446167,2.1950623989105225,0.08346843719482422,0.042919158935546875
3,3,1.92001211643219,2.3417868614196777,0.12696480751037598,0.04767441749572754
4,4,2.088219404220581,2.3274459838867188,0.08250784873962402,0.02825617790222168
5,5,2.134796142578125,2.275942087173462,0.09510278701782227,0.04395318031311035
6,6,2.10174298286438,2.22843861579895,0.11490273475646973,0.031700849533081055
7,7,2.0454235076904297,2.1879000663757324,0.08078622817993164,0.03437352180480957
8,8,1.9683973789215088,2.169142246246338,0.13638567924499512,0.03147149085998535
9,9,1.924485445022583,2.2315104007720947,0.0791921615600586,0.02287888526916504
10,10,1.8951516151428223,2.3333308696746826,0.0957646369934082,0.04120182991027832
11,11,1.9294792413711548,2.325946807861328,0.09327507019042969,0.03157973289489746
12,12,1.8986122608184814,2.2984836101531982,0.07935667037963867,0.015844106674194336
13,13,1.8352915048599243,2.314725160598755,0.14443469047546387,0.04656338691711426
14,14,1.8320269584655762,2.3012335300445557,0.1444697380065918,0.04754447937011719
15,15,1.8156200647354126,2.270561695098877,0.0791463851928711,0.03175067901611328
16,16,1.803475022315979,2.2453880310058594,0.13731837272644043,0.03192925453186035
17,17,1.808012843132019,2.236785888671875,0.06936049461364746,0.016091585159301758
18,18,1.7751007080078125,2.2709505558013916,0.15943121910095215,0.03173017501831055
19,19,1.7745542526245117,2.3307411670684814,0.11195516586303711,0.031789541244506836
20,20,1.761704444885254,2.384829044342041,0.08017134666442871,0.03210139274597168
21,21,1.7507990598678589,2.422032594680786,0.07935309410095215,0.015989303588867188
22,22,1.7530630826950073,2.3815298080444336,0.11165595054626465,0.03170132637023926
23,23,1.7482781410217285,2.3107962608337402,0.0791935920715332,0.01741313934326172
24,24,1.7344484329223633,2.3098833560943604,0.09344696998596191,0.01582622528076172
25,25,1.7175912857055664,2.3608195781707764,0.09517526626586914,0.03159737586975098
26,26,1.7168587446212769,2.3596887588500977,0.07973384857177734,0.12670540809631348
27,27,1.6948800086975098,2.306788921356201,0.1111135482788086,0.03182816505432129
28,28,1.6958720684051514,2.287609577178955,0.07896828651428223,0.04205012321472168
29,29,1.6947214603424072,,0.06887578964233398,
