model_id,nrmse,r,r2,rmse
SalinityLSTM,0.09133228175572555,0.8612094386285005,0.740043495021618,3.256909167409173
