,epoch,loss,val_loss,time,val_time
0,0,1.9907556772232056,3.4771969318389893,0.12726187705993652,0.04016232490539551
1,1,2.794254779815674,2.3984744548797607,0.11193180084228516,0.04115176200866699
2,2,2.247278928756714,2.2703726291656494,0.10151076316833496,0.039811134338378906
3,3,2.1773459911346436,2.277508497238159,0.12459111213684082,0.03771471977233887
4,4,2.2106285095214844,2.1964311599731445,0.1164240837097168,0.054007768630981445
5,5,2.1321651935577393,2.2283124923706055,0.10081052780151367,0.03814435005187988
6,6,2.177912473678589,2.1850805282592773,0.10430407524108887,0.03658461570739746
7,7,2.1254560947418213,2.1560986042022705,0.14263534545898438,0.052475929260253906
8,8,2.102324962615967,2.1662518978118896,0.09998321533203125,0.05927586555480957
9,9,2.110184669494629,2.171985626220703,0.15195012092590332,0.03201031684875488
10,10,2.085752248764038,2.1642112731933594,0.10490608215332031,0.03989696502685547
11,11,2.0184128284454346,2.1858601570129395,0.11401915550231934,0.04633641242980957
12,12,1.978137493133545,2.255258083343506,0.11849784851074219,0.03411674499511719
13,13,1.951338529586792,2.302361249923706,0.1367630958557129,0.03431558609008789
14,14,1.9262468814849854,2.31335711479187,0.10506987571716309,0.03796267509460449
15,15,1.908250331878662,2.3135910034179688,0.10387349128723145,0.03686165809631348
16,16,1.9016573429107666,2.3406331539154053,0.10689902305603027,0.03738832473754883
17,17,1.8803373575210571,2.3979904651641846,0.09631228446960449,0.08050012588500977
18,18,1.8891905546188354,2.317150831222534,0.1123044490814209,0.03513073921203613
19,19,1.8836840391159058,2.2318737506866455,0.1065511703491211,0.03849983215332031
20,20,1.8683929443359375,2.2200398445129395,0.10805511474609375,0.03942441940307617
21,21,1.8614006042480469,2.270965337753296,0.1063544750213623,0.041808128356933594
22,22,1.7942845821380615,2.3080873489379883,0.13425040245056152,0.04295682907104492
23,23,1.8298054933547974,2.260760545730591,0.14274048805236816,0.03502249717712402
24,24,1.8141783475875854,2.2568578720092773,0.09891009330749512,0.07114553451538086
25,25,1.8118607997894287,2.237619161605835,0.1410050392150879,0.04151511192321777
26,26,1.790276288986206,2.282414674758911,0.12322020530700684,0.05318307876586914
27,27,1.7953790426254272,2.319636106491089,0.09811902046203613,0.035120487213134766
28,28,1.761928915977478,,0.11767935752868652,
