,epoch,loss,val_loss,time,val_time
0,0,2.822216749191284,3.324538230895996,0.06300091743469238,0.01601552963256836
1,1,3.2419185638427734,3.3484301567077637,0.06370258331298828,0.031534433364868164
2,2,3.0654335021972656,5.935355186462402,0.07426762580871582,0.029247522354125977
3,3,2.6938419342041016,5.461529731750488,0.06930017471313477,0.02177715301513672
4,4,8.27585220336914,4.472437858581543,0.06460332870483398,0.030281782150268555
5,5,6.586627960205078,4.24783182144165,0.0797874927520752,0.015985488891601562
6,6,3.345766544342041,3.5082294940948486,0.07902669906616211,0.01592397689819336
7,7,3.344881772994995,2.9399969577789307,0.06312417984008789,0.03206682205200195
8,8,2.537081718444824,2.9289352893829346,0.0784447193145752,0.027851581573486328
9,9,2.473384141921997,3.7297394275665283,0.05865931510925293,0.03423666954040527
10,10,2.591932773590088,3.663877487182617,0.0679621696472168,0.0260012149810791
11,11,2.598783493041992,3.523045539855957,0.060425758361816406,0.037230491638183594
12,12,2.5689501762390137,3.513509750366211,0.05700206756591797,0.03180050849914551
13,13,2.482848882675171,3.6405773162841797,0.06292486190795898,0.03127646446228027
14,14,2.4804611206054688,4.221757888793945,0.06385970115661621,0.03154563903808594
15,15,2.3752994537353516,5.548458099365234,0.06398296356201172,0.031514644622802734
16,16,2.366144895553589,6.494782447814941,0.06371879577636719,0.031794071197509766
17,17,2.3337318897247314,6.820919990539551,0.06475138664245605,0.03088068962097168
18,18,2.377500534057617,7.0809478759765625,0.06397008895874023,0.015796184539794922
19,19,2.3225550651550293,7.448448181152344,0.07961559295654297,0.09572649002075195
20,20,2.2879817485809326,7.150210857391357,0.06328272819519043,0.016202211380004883
21,21,2.315610885620117,6.509912490844727,0.08517861366271973,0.025796890258789062
22,22,2.285196542739868,5.929089546203613,0.06334400177001953,0.022168397903442383
23,23,2.320263147354126,5.480722904205322,0.07209014892578125,0.021696090698242188
24,24,2.2527899742126465,5.052348613739014,0.07294917106628418,0.02354907989501953
25,25,2.209591865539551,3.0324478149414062,0.06697297096252441,0.028926372528076172
26,26,2.3527348041534424,3.0548343658447266,0.07256054878234863,0.027443408966064453
27,27,2.179851770401001,3.1218411922454834,0.06123471260070801,0.02963995933532715
28,28,2.181823968887329,3.2946760654449463,0.06372570991516113,0.030888795852661133
29,29,2.1854565143585205,,0.0765984058380127,
