model_id,nrmse,r,r2,rmse
SalinityLSTM,0.075503223694565,0.8539414399013249,0.6812092027362813,4.012241307129184
