,epoch,loss,val_loss,time,val_time
0,0,3.7276556491851807,3.722585916519165,0.055590152740478516,0.031296491622924805
1,1,3.6804676055908203,3.7238261699676514,0.07937908172607422,0.03367495536804199
2,2,3.7138936519622803,3.7283377647399902,0.062201738357543945,0.03786277770996094
3,3,3.6134324073791504,3.7245283126831055,0.057228803634643555,0.03182792663574219
4,4,3.6267168521881104,3.7290658950805664,0.06273365020751953,0.023477792739868164
5,5,3.609145164489746,3.7369773387908936,0.07167363166809082,0.01580810546875
6,6,3.5763161182403564,3.7418460845947266,0.07863950729370117,0.015856266021728516
7,7,3.5882558822631836,3.7473483085632324,0.08000373840332031,0.023214340209960938
8,8,3.555443048477173,3.751432418823242,0.056488752365112305,0.03172612190246582
9,9,3.5409228801727295,3.7539138793945312,0.06333732604980469,0.03330206871032715
10,10,3.539989709854126,3.75137996673584,0.0622408390045166,0.036773681640625
11,11,3.4837260246276855,3.7465362548828125,0.058222055435180664,0.03177356719970703
12,12,3.5824146270751953,3.74503493309021,0.06592464447021484,0.0288698673248291
13,13,3.6121459007263184,3.7538037300109863,0.07120656967163086,0.02320075035095215
14,14,3.4533934593200684,3.757868528366089,0.0627892017364502,0.03200030326843262
15,15,3.4520199298858643,3.756877899169922,0.06407976150512695,0.01855754852294922
16,16,3.4730734825134277,3.75386118888855,0.06135892868041992,0.038893938064575195
17,17,3.4196412563323975,3.7498435974121094,0.055939674377441406,0.03954195976257324
18,18,3.3820345401763916,3.750965118408203,0.055511474609375,0.031905412673950195
19,19,3.377357006072998,3.753528594970703,0.06342792510986328,0.03162670135498047
20,20,3.337636709213257,3.755843162536621,0.06363844871520996,0.03156757354736328
21,21,3.3381853103637695,,0.06330347061157227,
