model_id,nrmse,r,r2,rmse
SalinityLSTM,0.09344188900053435,0.865754275098036,0.7297946310401793,3.3321377617590544
