model_id,nrmse,r,r2,rmse
SalinityLSTM,0.08453469390516168,0.8848384855788096,0.7778708299601144,3.014507184658065
