model_id,nrmse,r,r2,rmse
SalinityLSTM,0.09564569123745612,0.8479633421805213,0.7158931636577706,3.410725349527685
