model_id,nrmse,r,r2,rmse
SalinityLSTM,0.07390846324552452,0.8402626639419133,0.6816228936989233,3.927495736867173
