,epoch,loss,val_loss,time,val_time
0,0,2.7417445182800293,3.469853401184082,0.06314229965209961,0.03202700614929199
1,1,3.7173447608947754,2.7330338954925537,0.06317853927612305,0.031595706939697266
2,2,2.787930727005005,2.8735687732696533,0.06325030326843262,0.03187084197998047
3,3,2.9030020236968994,2.710364580154419,0.06558847427368164,0.029389619827270508
4,4,2.74576735496521,2.5779829025268555,0.07157325744628906,0.024182558059692383
5,5,2.704418182373047,2.6040003299713135,0.0749514102935791,0.022387027740478516
6,6,2.7307984828948975,2.593907356262207,0.06107735633850098,0.031693220138549805
7,7,3.458183765411377,2.659611940383911,0.06339836120605469,0.03135275840759277
8,8,2.703397274017334,2.723121166229248,0.06344389915466309,0.03175520896911621
9,9,2.769162654876709,2.7177798748016357,0.06339359283447266,0.03229093551635742
10,10,2.757042169570923,2.66440486907959,0.06301307678222656,0.016095399856567383
11,11,2.707569122314453,2.6932172775268555,0.07858729362487793,0.024280548095703125
12,12,2.7316951751708984,2.659008264541626,0.07164430618286133,0.015722274780273438
13,13,2.673046588897705,2.653966188430786,0.07915139198303223,0.015770673751831055
14,14,2.7087206840515137,2.6437671184539795,0.07881808280944824,0.01598978042602539
15,15,2.630080223083496,2.643057346343994,0.0808706283569336,0.020059585571289062
16,16,2.691770076751709,2.636927366256714,0.07261180877685547,0.029514074325561523
17,17,2.6361799240112305,2.6114590167999268,0.06350851058959961,0.0315241813659668
18,18,2.6434009075164795,2.624436378479004,0.07114577293395996,0.026158571243286133
19,19,4.469073295593262,2.635411024093628,0.0693368911743164,0.024574995040893555
20,20,2.5998573303222656,2.6176693439483643,0.06358909606933594,0.03381490707397461
21,21,2.6839163303375244,2.6180408000946045,0.061296701431274414,0.03393745422363281
22,22,2.6535418033599854,2.6192383766174316,0.05979514122009277,0.032059431076049805
23,23,2.609147548675537,2.6013004779815674,0.06512117385864258,0.02947235107421875
24,24,2.6714673042297363,2.6035876274108887,0.07041573524475098,0.0246584415435791
25,25,2.677500009536743,,0.07549166679382324,
