,epoch,loss,val_loss,time,val_time
0,0,1.928652286529541,3.2151620388031006,0.0797276496887207,0.015749216079711914
1,1,3.062307596206665,2.0382280349731445,0.08306264877319336,0.028776884078979492
2,2,1.9892908334732056,2.19516658782959,0.10983085632324219,0.04858064651489258
3,3,2.171870470046997,2.232161521911621,0.12582039833068848,0.015942811965942383
4,4,2.203758955001831,2.1707396507263184,0.09494566917419434,0.030855178833007812
5,5,2.1336960792541504,2.0973336696624756,0.12791776657104492,0.03165698051452637
6,6,2.0692427158355713,2.0773582458496094,0.11124134063720703,0.03168821334838867
7,7,2.0513782501220703,2.1017422676086426,0.08336186408996582,0.04364943504333496
8,8,2.0606493949890137,2.114841938018799,0.08808183670043945,0.02288365364074707
9,9,2.0329370498657227,2.1203510761260986,0.08589458465576172,0.03269481658935547
10,10,1.9942452907562256,2.1487648487091064,0.1257171630859375,0.04249930381774902
11,11,1.9959332942962646,2.1297614574432373,0.08404016494750977,0.0373079776763916
12,12,1.9458860158920288,2.0648422241210938,0.08915042877197266,0.040912628173828125
13,13,1.9185560941696167,2.0819127559661865,0.10142922401428223,0.022533893585205078
14,14,1.922532558441162,2.0823307037353516,0.09451985359191895,0.03137063980102539
15,15,1.8781695365905762,2.0953116416931152,0.15855169296264648,0.01580500602722168
16,16,1.8432163000106812,2.143134117126465,0.09526968002319336,0.032459259033203125
17,17,1.867626428604126,2.151655435562134,0.07863450050354004,0.045284271240234375
18,18,1.8486573696136475,2.1296544075012207,0.12871551513671875,0.032480716705322266
19,19,1.8212565183639526,2.1311371326446533,0.09203624725341797,0.041234731674194336
20,20,1.814302682876587,2.1105449199676514,0.15070343017578125,0.04209160804748535
21,21,1.8045423030853271,2.088958978652954,0.2806110382080078,0.04514908790588379
22,22,1.7868760824203491,,0.13085246086120605,
