,epoch,loss,val_loss,time,val_time
0,0,1.9730173349380493,2.9010043144226074,0.1103062629699707,0.03241467475891113
1,1,2.5761003494262695,2.390897512435913,0.07869338989257812,0.032845258712768555
2,2,2.228864908218384,2.1718711853027344,0.09455990791320801,0.03210115432739258
3,3,2.1775989532470703,2.032636880874634,0.14330506324768066,0.03131866455078125
4,4,2.143310070037842,1.9740831851959229,0.09682393074035645,0.015830278396606445
5,5,2.1556904315948486,1.9613338708877563,0.12563371658325195,0.03328847885131836
6,6,2.0603649616241455,2.0252199172973633,0.10971903800964355,0.031585693359375
7,7,1.9848605394363403,2.132213830947876,0.1591329574584961,0.03156018257141113
8,8,2.003060817718506,2.2088913917541504,0.09544825553894043,0.04709649085998535
9,9,2.0153725147247314,2.2224936485290527,0.09655332565307617,0.07096052169799805
10,10,2.015746831893921,2.1825931072235107,0.14750909805297852,0.031701087951660156
11,11,1.996337890625,2.1369223594665527,0.11167335510253906,0.061058759689331055
12,12,1.9506399631500244,2.097403049468994,0.13012433052062988,0.03621673583984375
13,13,1.9232529401779175,2.0564675331115723,0.12251138687133789,0.03163933753967285
14,14,1.9287651777267456,2.0543501377105713,0.12671661376953125,0.032186031341552734
15,15,1.9097681045532227,2.104341983795166,0.1423501968383789,0.03563547134399414
16,16,1.8896923065185547,2.1529369354248047,0.13923335075378418,0.03146839141845703
17,17,1.8689885139465332,2.1534078121185303,0.09455513954162598,0.045500755310058594
18,18,1.869754672050476,2.1010396480560303,0.14991354942321777,0.03402876853942871
19,19,1.8522228002548218,2.0674362182617188,0.13730263710021973,0.04761934280395508
20,20,1.837777853012085,2.0818777084350586,0.07914137840270996,0.04738807678222656
21,21,1.8319714069366455,2.120302438735962,0.09622502326965332,0.03135418891906738
22,22,1.8263567686080933,2.1255548000335693,0.07926249504089355,0.04374194145202637
23,23,1.8091005086898804,2.1048359870910645,0.14588212966918945,0.050086021423339844
24,24,1.7800348997116089,2.130338430404663,0.0928955078125,0.015868186950683594
25,25,1.7857673168182373,2.1772730350494385,0.11122250556945801,0.03155183792114258
26,26,1.7615258693695068,,0.08663153648376465,
