,epoch,loss,val_loss,time,val_time
0,0,4.483471393585205,6.759972095489502,0.06954264640808105,0.01566171646118164
1,1,4.631838798522949,5.348005771636963,0.08008313179016113,0.020177602767944336
2,2,4.2712082862854,4.299361228942871,0.05939364433288574,0.02583622932434082
3,3,3.758336067199707,4.273475646972656,0.0756080150604248,0.08948326110839844
4,4,3.857771635055542,4.416450500488281,0.07927584648132324,0.03139185905456543
5,5,3.839879035949707,4.792803764343262,0.06259989738464355,0.03199410438537598
6,6,3.665196418762207,5.4457831382751465,0.06321096420288086,0.03208422660827637
7,7,3.569483995437622,6.305276393890381,0.06386542320251465,0.03878664970397949
8,8,3.6547391414642334,6.16021203994751,0.05513787269592285,0.03163433074951172
9,9,3.5649540424346924,5.740452289581299,0.07169961929321289,0.011761188507080078
10,10,3.455075263977051,5.535791873931885,0.0809776782989502,0.011021852493286133
11,11,3.457099199295044,5.643091678619385,0.07964944839477539,0.015631437301635742
12,12,3.4383018016815186,6.13665246963501,0.07876825332641602,0.015967369079589844
13,13,3.312396287918091,7.037988185882568,0.07929372787475586,0.016022443771362305
14,14,3.1835265159606934,8.039067268371582,0.07895874977111816,0.015648841857910156
15,15,3.1213412284851074,8.54352855682373,0.07900381088256836,0.0319979190826416
16,16,3.0079190731048584,8.591007232666016,0.06348180770874023,0.015889883041381836
17,17,2.820727586746216,8.442912101745605,0.07860159873962402,0.016077280044555664
18,18,2.7734663486480713,7.611972332000732,0.09225034713745117,0.01940751075744629
19,19,2.723083734512329,7.2094244956970215,0.07081890106201172,0.024809837341308594
20,20,2.6915395259857178,6.9722795486450195,0.07535791397094727,0.019918441772460938
21,21,2.681021213531494,7.260008335113525,0.06328630447387695,0.03144359588623047
22,22,2.6341965198516846,7.145742416381836,0.06368565559387207,0.031388044357299805
23,23,2.6448779106140137,6.806744575500488,0.06304717063903809,0.03134608268737793
24,24,2.6053481101989746,,0.06345677375793457,
