,epoch,loss,val_loss,time,val_time
0,0,5.52941370010376,5.530576229095459,0.07546114921569824,0.02693486213684082
1,1,5.530333518981934,5.528599739074707,0.07468342781066895,0.030379295349121094
2,2,5.528388023376465,5.529458522796631,0.07496523857116699,0.02659296989440918
3,3,5.529139041900635,5.528895854949951,0.07749629020690918,0.02679896354675293
4,4,5.528614521026611,5.527678489685059,0.0774223804473877,0.027132034301757812
5,5,5.527593612670898,5.527408123016357,0.07665729522705078,0.02831435203552246
6,6,5.527432441711426,5.527224540710449,0.07554960250854492,0.028644084930419922
7,7,5.527192115783691,5.526485919952393,0.08124089241027832,0.034940481185913086
8,8,5.526331901550293,5.5259504318237305,0.07668781280517578,0.03088974952697754
9,9,5.525880336761475,5.528113842010498,0.07967877388000488,0.02876734733581543
10,10,5.525983810424805,5.528945446014404,0.07738876342773438,0.02534198760986328
11,11,5.5258402824401855,5.528194904327393,0.07910776138305664,0.030268192291259766
12,12,5.525521755218506,5.527322769165039,0.07836651802062988,0.03057694435119629
13,13,5.525728702545166,5.52725887298584,0.07507157325744629,0.029495954513549805
14,14,5.52589225769043,5.527859210968018,0.07904958724975586,0.027034997940063477
15,15,5.525623321533203,5.529057025909424,0.07775998115539551,0.026737689971923828
16,16,5.525383949279785,5.530090808868408,0.07715010643005371,0.027156591415405273
17,17,5.525618553161621,5.530308246612549,0.07690620422363281,0.02594733238220215
18,18,5.525747776031494,5.529460906982422,0.08322811126708984,0.026707172393798828
19,19,5.525683879852295,5.528557300567627,0.0801553726196289,0.02768230438232422
20,20,5.525358200073242,5.527951240539551,0.08008885383605957,0.029193401336669922
21,21,5.525622367858887,5.5279541015625,0.09370064735412598,0.02868056297302246
22,22,5.525641918182373,5.528388023376465,0.07973027229309082,0.029056310653686523
23,23,5.525317668914795,5.529126167297363,0.0761566162109375,0.02946925163269043
24,24,5.525498390197754,5.529658317565918,0.07589101791381836,0.02615642547607422
25,25,5.525814533233643,5.52902364730835,0.08201789855957031,0.027741670608520508
26,26,5.525551795959473,5.5280866622924805,0.08558082580566406,0.030517578125
27,27,5.525374412536621,5.527640342712402,0.08126306533813477,0.02789473533630371
28,28,5.525396347045898,5.527583599090576,0.08127975463867188,0.03956484794616699
29,29,5.5255584716796875,,0.07802224159240723,
