,epoch,loss,val_loss,time,val_time
0,0,1.89043390750885,4.00047492980957,0.10569071769714355,0.04317665100097656
1,1,2.768460750579834,2.164699077606201,0.1438910961151123,0.04085659980773926
2,2,1.955302357673645,2.2121999263763428,0.13297557830810547,0.038599252700805664
3,3,2.0254111289978027,2.169367551803589,0.09832429885864258,0.039880990982055664
4,4,2.0492868423461914,2.128683090209961,0.13338208198547363,0.05596494674682617
5,5,1.9969538450241089,2.166922092437744,0.15830636024475098,0.03800511360168457
6,6,1.9538660049438477,2.262558698654175,0.14214515686035156,0.04274415969848633
7,7,1.9210708141326904,2.3689963817596436,0.13314223289489746,0.03286170959472656
8,8,1.923776626586914,2.392437696456909,0.11810088157653809,0.036780595779418945
9,9,1.9462549686431885,2.2865023612976074,0.13421869277954102,0.04364967346191406
10,10,1.920662522315979,2.2193427085876465,0.1091153621673584,0.0419313907623291
11,11,1.875387191772461,2.2070298194885254,0.1064145565032959,0.035479068756103516
12,12,1.8164337873458862,2.1837189197540283,0.13439249992370605,0.0431668758392334
13,13,1.837986707687378,2.1714537143707275,0.10286116600036621,0.048517465591430664
14,14,1.8337812423706055,2.160815954208374,0.11751961708068848,0.04149031639099121
15,15,1.8287086486816406,2.164031982421875,0.09665036201477051,0.052088260650634766
16,16,1.8079969882965088,2.210467576980591,0.1086416244506836,0.03184056282043457
17,17,1.7662155628204346,2.2592012882232666,0.09842514991760254,0.04820108413696289
18,18,1.76717209815979,2.371843099594116,0.11506056785583496,0.03667402267456055
19,19,1.730225920677185,2.3639872074127197,0.1292724609375,0.03561973571777344
20,20,1.7359044551849365,2.3283135890960693,0.19222068786621094,0.03599143028259277
21,21,1.7213774919509888,2.270787000656128,0.10396957397460938,0.04011869430541992
22,22,1.6939409971237183,2.290174961090088,0.11154508590698242,0.04688715934753418
23,23,1.729941964149475,2.3362441062927246,0.12407493591308594,0.03311872482299805
24,24,1.704903244972229,2.4500572681427,0.12400078773498535,0.04236173629760742
25,25,1.6910187005996704,,0.11302399635314941,
