{
    "a": 1.0477965816710073,
    "b": 0.42505882917877197,
    "mse": 0.2174355126528858,
    "XTX_inv": [
        [
            2.4530467505725265e-06,
            -2.4806971461260098e-05
        ],
        [
            -2.4806971461260098e-05,
            0.0003840571839553814
        ]
    ]
}