,epoch,loss,val_loss,time,val_time
0,0,4.021994113922119,4.117474555969238,0.06466937065124512,0.03155875205993652
1,1,3.91699481010437,4.136486530303955,0.06870174407958984,0.019516944885253906
2,2,3.8911361694335938,4.18231725692749,0.07126951217651367,0.031713008880615234
3,3,3.8306636810302734,4.225523948669434,0.06351017951965332,0.032057762145996094
4,4,3.8397374153137207,4.239495754241943,0.0632619857788086,0.029234647750854492
5,5,3.806081771850586,4.227945327758789,0.06627583503723145,0.030640602111816406
6,6,3.7830758094787598,4.203072547912598,0.0647275447845459,0.01563286781311035
7,7,3.772197723388672,4.185827255249023,0.07949018478393555,0.015744447708129883
8,8,3.7763750553131104,4.176790237426758,0.07936620712280273,0.015645742416381836
9,9,3.721261739730835,4.174625396728516,0.07944202423095703,0.026076078414916992
10,10,3.740295886993408,4.177229404449463,0.06959247589111328,0.015825986862182617
11,11,3.737147569656372,4.184549808502197,0.0789346694946289,0.01565074920654297
12,12,3.715409517288208,4.198587894439697,0.0720982551574707,0.02329540252685547
13,13,3.755397319793701,4.212902545928955,0.07659006118774414,0.02545332908630371
14,14,3.6999266147613525,4.232046604156494,0.05822277069091797,0.03200054168701172
15,15,3.683877944946289,4.24952507019043,0.06600117683410645,0.03154134750366211
16,16,3.6583356857299805,4.2593770027160645,0.06140899658203125,0.03208160400390625
17,17,3.6791458129882812,4.253087997436523,0.07651591300964355,0.017409801483154297
18,18,3.67757248878479,4.236952304840088,0.06280922889709473,0.03731226921081543
19,19,3.6393778324127197,4.216385841369629,0.057802438735961914,0.03183603286743164
20,20,3.6554434299468994,4.194346904754639,0.07912659645080566,0.01619243621826172
21,21,3.6378042697906494,,0.07919692993164062,
