,epoch,loss,val_loss,time,val_time
0,0,4.044976234436035,4.366832256317139,0.07879519462585449,0.01613616943359375
1,1,3.945857286453247,4.412044048309326,0.08492755889892578,0.02549433708190918
2,2,3.9528942108154297,4.305190086364746,0.06273579597473145,0.031555891036987305
3,3,3.923727512359619,4.195232391357422,0.0712580680847168,0.02626323699951172
4,4,3.8864359855651855,4.093558311462402,0.06062150001525879,0.03716611862182617
5,5,3.9089598655700684,3.97624135017395,0.06903386116027832,0.020776033401489258
6,6,3.835437059402466,3.9342665672302246,0.0789022445678711,0.02130866050720215
7,7,3.8491618633270264,3.9306535720825195,0.07317781448364258,0.026009321212768555
8,8,3.8498833179473877,3.944255828857422,0.07121896743774414,0.026727676391601562
9,9,3.8534843921661377,3.9736883640289307,0.06821560859680176,0.02749013900756836
10,10,3.830052137374878,4.02739143371582,0.07120203971862793,0.02479243278503418
11,11,3.7972464561462402,4.087385177612305,0.06545615196228027,0.032828569412231445
12,12,3.771613597869873,4.153942108154297,0.0625922679901123,0.0396113395690918
13,13,3.765036106109619,4.229127407073975,0.08733248710632324,0.015644073486328125
14,14,3.767528533935547,4.270080089569092,0.08003902435302734,0.026172399520874023
15,15,3.754417896270752,4.292067527770996,0.06765913963317871,0.02562117576599121
16,16,3.738055467605591,4.295103549957275,0.07165026664733887,0.02421736717224121
17,17,3.730945587158203,4.291500568389893,0.06735587120056152,0.0318913459777832
18,18,3.71659779548645,4.288187503814697,0.06375503540039062,0.03162336349487305
19,19,3.7046058177948,4.282989025115967,0.06305694580078125,0.03980875015258789
20,20,3.7434067726135254,4.272650718688965,0.07013463973999023,0.02495265007019043
21,21,3.6865367889404297,4.262796401977539,0.06808066368103027,0.02258133888244629
22,22,3.6790976524353027,4.254126071929932,0.0723729133605957,0.025853872299194336
23,23,3.674126386642456,4.245678901672363,0.0696420669555664,0.016106367111206055
24,24,3.661468029022217,4.235513687133789,0.07857871055603027,0.0160372257232666
25,25,3.676398754119873,4.222535133361816,0.07921171188354492,0.02880239486694336
26,26,3.6468429565429688,4.210554122924805,0.06587862968444824,0.016111135482788086
27,27,3.6156585216522217,4.2009735107421875,0.07926177978515625,0.029775619506835938
28,28,3.6235013008117676,,0.0696873664855957,
