,epoch,loss,val_loss,time,val_time
0,0,3.1220033168792725,3.4720983505249023,0.06679677963256836,0.0289459228515625
1,1,3.388493061065674,3.0045225620269775,0.07125520706176758,0.02500462532043457
2,2,2.86785888671875,3.4093434810638428,0.07450008392333984,0.01954174041748047
3,3,3.5562796592712402,3.769789934158325,0.0641477108001709,0.03157663345336914
4,4,3.886949062347412,3.2024664878845215,0.06361126899719238,0.031673431396484375
5,5,3.9282138347625732,2.9467036724090576,0.06362533569335938,0.025992631912231445
6,6,2.9177322387695312,3.2461066246032715,0.06955885887145996,0.01607060432434082
7,7,2.909870147705078,3.624819278717041,0.07961630821228027,0.015666961669921875
8,8,3.0771379470825195,3.8879222869873047,0.06345486640930176,0.03161334991455078
9,9,3.0579512119293213,3.824932336807251,0.07366037368774414,0.021879911422729492
10,10,2.8752050399780273,3.568567991256714,0.06230926513671875,0.03086113929748535
11,11,3.04123592376709,3.4048516750335693,0.06682181358337402,0.027892351150512695
12,12,2.9567387104034424,3.5274412631988525,0.06871843338012695,0.025641918182373047
13,13,2.694934129714966,3.856255292892456,0.06732320785522461,0.011762857437133789
14,14,2.8515515327453613,4.160305023193359,0.08003425598144531,0.03139162063598633
15,15,2.6449637413024902,3.9165213108062744,0.06360864639282227,0.016093730926513672
16,16,2.6521081924438477,3.8197872638702393,0.07436370849609375,0.03000617027282715
17,17,2.680318593978882,3.91084361076355,0.05519533157348633,0.03277277946472168
18,18,2.594801902770996,4.328088760375977,0.06286478042602539,0.03159070014953613
19,19,2.567082643508911,5.165933132171631,0.0633389949798584,0.03190732002258301
20,20,2.596780776977539,4.78685998916626,0.0677785873413086,0.02554178237915039
21,21,2.55659818649292,4.622465133666992,0.06643056869506836,0.03374028205871582
22,22,2.5332484245300293,4.764109134674072,0.0696554183959961,0.02842235565185547
23,23,2.626763105392456,4.489400863647461,0.06905055046081543,0.09938454627990723
24,24,2.505821466445923,4.587777137756348,0.06361985206604004,0.03166389465332031
25,25,2.5672571659088135,4.795472145080566,0.06386256217956543,0.0318903923034668
26,26,2.5469095706939697,,0.06316566467285156,
