,epoch,loss,val_loss,time,val_time
0,0,2.054922103881836,5.6267991065979,0.15834784507751465,0.03789210319519043
1,1,4.860191345214844,2.166879892349243,0.0843045711517334,0.020478487014770508
2,2,2.139395236968994,2.116354465484619,0.07959604263305664,0.04745674133300781
3,3,2.1258504390716553,2.1824615001678467,0.11086916923522949,0.03235793113708496
4,4,2.1922805309295654,2.176042318344116,0.11528873443603516,0.02750992774963379
5,5,2.2019033432006836,2.121675491333008,0.11447310447692871,0.011827468872070312
6,6,2.154179096221924,2.0682573318481445,0.07645297050476074,0.05529332160949707
7,7,2.1119208335876465,2.051032781600952,0.07808732986450195,0.027850627899169922
8,8,2.104994297027588,2.1028475761413574,0.07926559448242188,0.03220629692077637
9,9,2.141254425048828,2.1116600036621094,0.14304113388061523,0.04037904739379883
10,10,2.0605452060699463,2.1118850708007812,0.2019200325012207,0.028666257858276367
11,11,2.04333758354187,2.145697832107544,0.09477400779724121,0.04174041748046875
12,12,2.0175857543945312,2.197787284851074,0.1117398738861084,0.03761601448059082
13,13,1.9922606945037842,2.107605457305908,0.16234922409057617,0.0751488208770752
14,14,1.9854707717895508,2.0770578384399414,0.15528368949890137,0.06761455535888672
15,15,1.9595005512237549,2.115396738052368,0.14089536666870117,0.06912374496459961
16,16,1.9780945777893066,2.0690717697143555,0.09052395820617676,0.030672311782836914
17,17,1.935239553451538,2.0653276443481445,0.11073923110961914,0.031348228454589844
18,18,1.9498990774154663,2.0547311305999756,0.1107170581817627,0.031867027282714844
19,19,1.9049696922302246,2.1288559436798096,0.12748265266418457,0.07913446426391602
20,20,1.8811273574829102,2.1578259468078613,0.11010622978210449,0.05733203887939453
21,21,1.9042503833770752,2.1006128787994385,0.0699312686920166,0.04724717140197754
22,22,1.8817178010940552,2.1131346225738525,0.07918715476989746,0.03138589859008789
23,23,1.8882092237472534,2.203995943069458,0.11159634590148926,0.02052617073059082
24,24,1.8820290565490723,2.2066853046417236,0.1018519401550293,0.03927731513977051
25,25,1.8161215782165527,2.230576276779175,0.08746981620788574,0.021259307861328125
26,26,1.8590322732925415,2.1766655445098877,0.10547661781311035,0.03199195861816406
27,27,1.8758714199066162,2.086453914642334,0.07883071899414062,0.04712820053100586
28,28,1.829322099685669,,0.14260029792785645,
