,epoch,loss,val_loss,time,val_time
0,0,1.8299776315689087,2.4967377185821533,0.11218023300170898,0.04065990447998047
1,1,2.242412805557251,2.0244808197021484,0.1072242259979248,0.041889190673828125
2,2,1.9995800256729126,1.9470380544662476,0.10819435119628906,0.044686317443847656
3,3,1.9405947923660278,1.8410598039627075,0.13519835472106934,0.037854671478271484
4,4,1.951282024383545,1.7349615097045898,0.10533475875854492,0.0410313606262207
5,5,1.8940237760543823,1.755488634109497,0.1223456859588623,0.03896617889404297
6,6,1.8323601484298706,1.8420088291168213,0.11136603355407715,0.037358999252319336
7,7,1.836280345916748,1.9044517278671265,0.11092567443847656,0.03408408164978027
8,8,1.845000982284546,1.9397519826889038,0.10704565048217773,0.058634042739868164
9,9,1.8700271844863892,1.9228111505508423,0.1181020736694336,0.037064313888549805
10,10,1.8413344621658325,1.868321418762207,0.11594319343566895,0.039899587631225586
11,11,1.8066473007202148,1.7762415409088135,0.11020922660827637,0.04516315460205078
12,12,1.8042736053466797,1.7372512817382812,0.1075596809387207,0.039749860763549805
13,13,1.7793643474578857,1.7856755256652832,0.11651062965393066,0.038147926330566406
14,14,1.7591941356658936,1.8292783498764038,0.12116289138793945,0.03644371032714844
15,15,1.7565230131149292,1.792304277420044,0.09951543807983398,0.03504323959350586
16,16,1.7527549266815186,1.7591019868850708,0.10577607154846191,0.03836488723754883
17,17,1.7395405769348145,1.7779946327209473,0.11337757110595703,0.05421781539916992
18,18,1.7624099254608154,1.797407627105713,0.12445926666259766,0.04060935974121094
19,19,1.7093172073364258,1.8237547874450684,0.12601351737976074,0.04004931449890137
20,20,1.6886608600616455,1.832947850227356,0.10744214057922363,0.048810720443725586
21,21,1.7049685716629028,1.830527901649475,0.10846900939941406,0.03438210487365723
22,22,1.7028599977493286,1.8715565204620361,0.1174013614654541,0.041170597076416016
23,23,1.6864467859268188,1.8109278678894043,0.11164975166320801,0.046208858489990234
24,24,1.6778419017791748,1.7777303457260132,0.12759041786193848,0.040831804275512695
25,25,1.6829664707183838,,0.09818863868713379,
