,epoch,loss,val_loss,time,val_time
0,0,5.528198719024658,5.533379077911377,0.0746009349822998,0.02756953239440918
1,1,5.529352188110352,5.529385566711426,0.07275652885437012,0.02604985237121582
2,2,5.527429103851318,5.528316497802734,0.07257533073425293,0.0252535343170166
3,3,5.52772855758667,5.528412342071533,0.0722355842590332,0.027737855911254883
4,4,5.528083801269531,5.52825927734375,0.07187771797180176,0.026342153549194336
5,5,5.527384281158447,5.528153419494629,0.07671833038330078,0.026510000228881836
6,6,5.5264105796813965,5.528441905975342,0.07192230224609375,0.02423095703125
7,7,5.525886058807373,5.528364181518555,0.0712728500366211,0.025189638137817383
8,8,5.525533676147461,5.528618335723877,0.08298468589782715,0.026978254318237305
9,9,5.525836944580078,5.529086112976074,0.07306289672851562,0.028531312942504883
10,10,5.525882720947266,5.529304504394531,0.08563995361328125,0.033521413803100586
11,11,5.525864601135254,5.528813362121582,0.08611059188842773,0.032636404037475586
12,12,5.525643348693848,5.528440475463867,0.08449172973632812,0.03129076957702637
13,13,5.525484085083008,5.528766632080078,0.08178091049194336,0.028542518615722656
14,14,5.525672912597656,5.528799057006836,0.07373905181884766,0.02582859992980957
15,15,5.525791168212891,5.528757572174072,0.07365727424621582,0.024420738220214844
16,16,5.525732040405273,5.528738021850586,0.07482647895812988,0.025841236114501953
17,17,5.5256876945495605,5.5288615226745605,0.07486581802368164,0.025679588317871094
18,18,5.525589466094971,5.529253959655762,0.07115650177001953,0.027539968490600586
19,19,5.525771617889404,5.529275417327881,0.13997483253479004,0.02567768096923828
20,20,5.525818347930908,5.528900146484375,0.07142210006713867,0.028996706008911133
21,21,5.525498390197754,5.5286078453063965,0.07328391075134277,0.025326013565063477
22,22,5.525510787963867,5.528484344482422,0.07307648658752441,0.02633357048034668
23,23,5.525587558746338,5.528473377227783,0.07766294479370117,0.023802995681762695
24,24,5.525471210479736,5.528493881225586,0.07143020629882812,0.026271581649780273
25,25,5.525449752807617,5.528595924377441,0.07304620742797852,0.027239322662353516
26,26,5.525424003601074,,0.0749204158782959,
