,epoch,loss,val_loss,time,val_time
0,0,3.9021975994110107,4.090946197509766,0.0635986328125,0.03447866439819336
1,1,3.826897621154785,4.24445104598999,0.06069135665893555,0.03144693374633789
2,2,3.807690143585205,4.386520862579346,0.06356239318847656,0.03774142265319824
3,3,3.797287940979004,4.433311462402344,0.05743718147277832,0.037520647048950195
4,4,3.7671289443969727,4.412502288818359,0.073150634765625,0.015637874603271484
5,5,3.6992571353912354,4.400173664093018,0.07957267761230469,0.031697988510131836
6,6,3.701087713241577,4.40368127822876,0.06329584121704102,0.031975507736206055
7,7,3.7208046913146973,4.41697359085083,0.06380820274353027,0.03163886070251465
8,8,3.725562334060669,4.433229923248291,0.07105112075805664,0.025371551513671875
9,9,3.663261651992798,4.452308177947998,0.06288027763366699,0.031754255294799805
10,10,3.661806106567383,4.464300155639648,0.07442378997802734,0.01876235008239746
11,11,3.648988962173462,4.470729827880859,0.0948483943939209,0.015969276428222656
12,12,3.6674599647521973,4.458855152130127,0.07867217063903809,0.03165125846862793
13,13,3.670623779296875,4.424959182739258,0.06865262985229492,0.029331207275390625
14,14,3.6177568435668945,4.386260986328125,0.06034660339355469,0.015869617462158203
15,15,3.617370128631592,4.342493534088135,0.07864856719970703,0.03200340270996094
16,16,3.5938806533813477,4.309735298156738,0.06352567672729492,0.03133106231689453
17,17,3.598374128341675,4.283292293548584,0.06295347213745117,0.031517744064331055
18,18,3.6013331413269043,4.26195764541626,0.06331229209899902,0.03175520896911621
19,19,3.6056621074676514,4.2493486404418945,0.06483173370361328,0.02990269660949707
20,20,3.6074295043945312,4.248281478881836,0.06491518020629883,0.030516386032104492
21,21,3.575042247772217,,0.06985235214233398,
