model_id,nrmse,r,r2,rmse
TempLSTM1,0.06505366071384139,0.9231218330386458,0.8424840681164406,1.5742985892749617
TempLSTM2,0.012621458029043388,0.9293107388880989,0.8627767606708556,4.244475166685459
