model_id,nrmse,r,r2,rmse
TempLSTM1,0.06156885467683131,0.9270507574634246,0.8576556091320373,1.4899662831793177
TempLSTM2,0.011019497484220148,0.9179164294486997,0.8423448560925053,4.681366902501956
