,epoch,loss,val_loss,time,val_time
0,0,3.931903600692749,4.161818027496338,0.06385564804077148,0.0382692813873291
1,1,3.8449840545654297,4.393264293670654,0.05721139907836914,0.03175663948059082
2,2,3.79421067237854,4.599426746368408,0.06384682655334473,0.03212475776672363
3,3,3.7602474689483643,4.667699337005615,0.06380319595336914,0.043148040771484375
4,4,3.7573773860931396,4.607339859008789,0.08270549774169922,0.03126788139343262
5,5,3.726778268814087,4.514071464538574,0.09536170959472656,0.04796147346496582
6,6,3.69089412689209,4.423271179199219,0.07923245429992676,0.03178739547729492
7,7,3.6514923572540283,4.363779544830322,0.06467008590698242,0.030703306198120117
8,8,3.694978952407837,4.333447456359863,0.0638725757598877,0.032002925872802734
9,9,3.6622798442840576,4.330494403839111,0.06309247016906738,0.03232383728027344
10,10,3.6627423763275146,4.340800762176514,0.0623779296875,0.0375065803527832
11,11,3.65301251411438,4.36041259765625,0.057981252670288086,0.03162407875061035
12,12,3.6408298015594482,4.388453960418701,0.06307768821716309,0.03149247169494629
13,13,3.6222920417785645,4.41994571685791,0.06343889236450195,0.03157234191894531
14,14,3.6200928688049316,4.451064586639404,0.06346273422241211,0.03187274932861328
15,15,3.5913448333740234,4.467965602874756,0.06859469413757324,0.02550983428955078
16,16,3.5773050785064697,4.474587440490723,0.06419587135314941,0.03308272361755371
17,17,3.5805156230926514,4.457613945007324,0.06119132041931152,0.035576820373535156
18,18,3.5807576179504395,4.422640323638916,0.06089901924133301,0.03223013877868652
19,19,3.5579843521118164,4.379626274108887,0.06124615669250488,0.033782958984375
20,20,3.5987558364868164,4.340861797332764,0.07760167121887207,0.020575523376464844
21,21,3.5411179065704346,,0.05893707275390625,
