,epoch,loss,val_loss,time,val_time
0,0,1.8960744142532349,3.426313877105713,0.14797067642211914,0.07973074913024902
1,1,3.279226541519165,1.9740798473358154,0.2129504680633545,0.031035900115966797
2,2,1.9617801904678345,1.9521393775939941,0.1605381965637207,0.038428306579589844
3,3,1.957011103630066,2.064682960510254,0.07947659492492676,0.0317225456237793
4,4,2.0883073806762695,2.073601007461548,0.10211515426635742,0.045787811279296875
5,5,2.097717046737671,2.0283827781677246,0.08874988555908203,0.01565074920654297
6,6,2.0596084594726562,1.9545120000839233,0.12703251838684082,0.026813268661499023
7,7,1.9992462396621704,1.9030659198760986,0.0683906078338623,0.03810620307922363
8,8,1.9410436153411865,1.9198912382125854,0.09770345687866211,0.04678225517272949
9,9,1.9179545640945435,1.994288682937622,0.133164644241333,0.0500028133392334
10,10,1.9367127418518066,2.0558433532714844,0.11358284950256348,0.09006524085998535
11,11,1.947298288345337,2.0441181659698486,0.14344120025634766,0.03349590301513672
12,12,1.9297641515731812,2.0217645168304443,0.14183640480041504,0.04773211479187012
13,13,1.8801300525665283,2.0168280601501465,0.09530973434448242,0.0313410758972168
14,14,1.866409182548523,1.9864832162857056,0.08435678482055664,0.027413129806518555
15,15,1.8565421104431152,1.9739881753921509,0.09317159652709961,0.017351150512695312
16,16,1.8632349967956543,1.9875761270523071,0.09569644927978516,0.03850126266479492
17,17,1.8507835865020752,1.997644305229187,0.08839011192321777,0.03168201446533203
18,18,1.8415961265563965,1.981604814529419,0.0791482925415039,0.028582334518432617
19,19,1.8347588777542114,1.988850712776184,0.07839679718017578,0.04969167709350586
20,20,1.808579921722412,2.0799496173858643,0.06865310668945312,0.015947818756103516
21,21,1.810659646987915,2.1078546047210693,0.09508109092712402,0.031316518783569336
22,22,1.7939271926879883,2.1583163738250732,0.09539246559143066,0.04752945899963379
23,23,1.7811156511306763,2.169522285461426,0.12297797203063965,0.056878089904785156
24,24,1.7851365804672241,2.0759854316711426,0.08830022811889648,0.029419898986816406
25,25,1.775093674659729,2.0508029460906982,0.07869267463684082,0.04757356643676758
26,26,1.7526947259902954,2.028353452682495,0.08052420616149902,0.05390763282775879
27,27,1.7542527914047241,2.0074543952941895,0.13546514511108398,0.04782676696777344
28,28,1.7420368194580078,,0.11070847511291504,
