,epoch,loss,val_loss,time,val_time
0,0,4.469062328338623,5.3617424964904785,0.06279993057250977,0.03195810317993164
1,1,3.80450701713562,5.394954681396484,0.06368398666381836,0.03496193885803223
2,2,4.5715651512146,4.1206135749816895,0.06132054328918457,0.031293630599975586
3,3,3.8052117824554443,3.8694543838500977,0.06345057487487793,0.03163862228393555
4,4,3.7425146102905273,4.019538402557373,0.06378769874572754,0.031687021255493164
5,5,3.8862552642822266,3.9804346561431885,0.06384968757629395,0.03136587142944336
6,6,3.765477180480957,4.009293079376221,0.06407380104064941,0.0314028263092041
7,7,3.5544936656951904,4.467100143432617,0.06501436233520508,0.030158042907714844
8,8,3.5229861736297607,5.110149383544922,0.06381750106811523,0.01607370376586914
9,9,3.6042938232421875,5.1766533851623535,0.07998394966125488,0.09610557556152344
10,10,3.48246431350708,4.981273651123047,0.06356954574584961,0.015983104705810547
11,11,3.352762460708618,4.974388599395752,0.0791938304901123,0.015630006790161133
12,12,3.3333239555358887,5.281850814819336,0.0791778564453125,0.015863895416259766
13,13,3.3219385147094727,6.008909225463867,0.0794069766998291,0.01563286781311035
14,14,3.2228405475616455,7.090755462646484,0.07875275611877441,0.015826940536499023
15,15,3.0830655097961426,7.798530101776123,0.07941412925720215,0.015860319137573242
16,16,3.0027034282684326,8.162088394165039,0.07939672470092773,0.015921354293823242
17,17,2.9646799564361572,7.807646751403809,0.07966995239257812,0.015929698944091797
18,18,2.8261168003082275,7.186970233917236,0.07979154586791992,0.015999317169189453
19,19,2.735358715057373,6.506840705871582,0.07946228981018066,0.04748106002807617
20,20,2.6935386657714844,5.829501628875732,0.09564828872680664,0.03204917907714844
21,21,2.6671595573425293,5.292497158050537,0.09483909606933594,0.03133964538574219
22,22,2.609041690826416,4.784532070159912,0.1102602481842041,0.0318603515625
23,23,2.5610415935516357,4.3261942863464355,0.0699307918548584,0.02190876007080078
24,24,2.5131614208221436,,0.06887125968933105,
