,epoch,loss,val_loss,time,val_time
0,0,2.228492021560669,3.3926663398742676,0.06430292129516602,0.02860403060913086
1,1,2.7100107669830322,3.2842535972595215,0.06369233131408691,0.031655311584472656
2,2,2.831418752670288,3.2231554985046387,0.07603192329406738,0.019621849060058594
3,3,2.438981294631958,4.225327968597412,0.06330490112304688,0.0358881950378418
4,4,2.5385265350341797,3.4488134384155273,0.05971837043762207,0.036817312240600586
5,5,2.35945725440979,3.0837817192077637,0.058568716049194336,0.03134465217590332
6,6,2.2242679595947266,3.1950290203094482,0.06315994262695312,0.031984806060791016
7,7,2.2857728004455566,3.133509874343872,0.06289529800415039,0.031375885009765625
8,8,2.172628164291382,3.5353848934173584,0.06334638595581055,0.031748294830322266
9,9,2.1920833587646484,4.351494312286377,0.061078786849975586,0.029021501541137695
10,10,2.2512662410736084,4.306095123291016,0.0653085708618164,0.029508113861083984
11,11,2.1712710857391357,3.9317173957824707,0.049567222595214844,0.03185868263244629
12,12,2.07441782951355,3.9555726051330566,0.0634908676147461,0.03164267539978027
13,13,2.0619795322418213,4.3004255294799805,0.06339883804321289,0.03198122978210449
14,14,2.1043763160705566,4.477243423461914,0.06311368942260742,0.01596212387084961
15,15,2.0092625617980957,4.715073585510254,0.07944941520690918,0.015636205673217773
16,16,2.045755386352539,4.71270751953125,0.07959890365600586,0.027198076248168945
17,17,2.0514581203460693,4.392515659332275,0.05185890197753906,0.040427446365356445
18,18,2.0136561393737793,4.569202899932861,0.05507349967956543,0.0371403694152832
19,19,1.9972195625305176,5.167495250701904,0.05791044235229492,0.03145098686218262
20,20,1.9459878206253052,6.100016117095947,0.06419634819030762,0.030974149703979492
21,21,1.8915722370147705,6.732359886169434,0.06350040435791016,0.01581549644470215
22,22,1.8908413648605347,5.548935413360596,0.07940983772277832,0.02365279197692871
23,23,1.8625928163528442,4.966929912567139,0.07054281234741211,0.02288055419921875
24,24,1.8766332864761353,5.919164657592773,0.07303667068481445,0.01580023765563965
25,25,1.8309494256973267,6.361959934234619,0.07974410057067871,0.016074657440185547
26,26,1.8028908967971802,,0.06313323974609375,
