,epoch,loss,val_loss,time,val_time
0,0,1.9603666067123413,2.5349929332733154,0.1382596492767334,0.042827606201171875
1,1,2.219005823135376,2.550931692123413,0.10991454124450684,0.04904603958129883
2,2,2.149021863937378,2.196770191192627,0.11323928833007812,0.04531693458557129
3,3,1.9983030557632446,2.151984930038452,0.10363340377807617,0.0388641357421875
4,4,2.000129222869873,2.1852145195007324,0.10525012016296387,0.03395652770996094
5,5,2.075608730316162,2.131448745727539,0.11781096458435059,0.03471875190734863
6,6,1.9773105382919312,2.145937442779541,0.10822653770446777,0.04606199264526367
7,7,1.934601068496704,2.1565001010894775,0.10357069969177246,0.03498435020446777
8,8,1.9100724458694458,2.165015459060669,0.12307047843933105,0.04028201103210449
9,9,1.8994802236557007,2.189692497253418,0.10152721405029297,0.0345616340637207
10,10,1.9069743156433105,2.163115978240967,0.13238167762756348,0.03619980812072754
11,11,1.8769193887710571,2.1457815170288086,0.10778450965881348,0.0411534309387207
12,12,1.8472222089767456,2.204803705215454,0.14789628982543945,0.03583860397338867
13,13,1.844008207321167,2.250131368637085,0.11838150024414062,0.044007062911987305
14,14,1.8216620683670044,2.239896535873413,0.09879779815673828,0.043692827224731445
15,15,1.7978843450546265,2.2492294311523438,0.14056992530822754,0.03420734405517578
16,16,1.7798675298690796,2.2826988697052,0.10059022903442383,0.05416059494018555
17,17,1.7800707817077637,2.242863655090332,0.10587787628173828,0.03789472579956055
18,18,1.765123963356018,2.167262315750122,0.17025256156921387,0.04289865493774414
19,19,1.7489709854125977,2.131802558898926,0.13055062294006348,0.03592848777770996
20,20,1.731391191482544,2.1570231914520264,0.1445322036743164,0.036858558654785156
21,21,1.7152116298675537,2.2112622261047363,0.11151528358459473,0.03598451614379883
22,22,1.7040659189224243,2.2539916038513184,0.13920354843139648,0.05854916572570801
23,23,1.677340030670166,2.271592140197754,0.11753678321838379,0.042470455169677734
24,24,1.6690267324447632,2.255689859390259,0.10507512092590332,0.050278425216674805
25,25,1.672757625579834,2.2020456790924072,0.11111903190612793,0.03785872459411621
26,26,1.663211464881897,,0.12462592124938965,
