,epoch,loss,val_loss,time,val_time
0,0,1.9944287538528442,2.5503907203674316,0.07918095588684082,0.06356263160705566
1,1,2.46764874458313,2.2085585594177246,0.07933855056762695,0.01603078842163086
2,2,2.113424777984619,2.1720855236053467,0.09354400634765625,0.04313158988952637
3,3,2.1359105110168457,2.0751357078552246,0.13291120529174805,0.04764747619628906
4,4,2.0749688148498535,1.9753714799880981,0.09531140327453613,0.031887054443359375
5,5,1.956459641456604,1.9998273849487305,0.10705184936523438,0.05416154861450195
6,6,1.9922847747802734,2.0167510509490967,0.07702469825744629,0.04103517532348633
7,7,2.008729934692383,2.0230276584625244,0.09804749488830566,0.05156993865966797
8,8,1.9870474338531494,1.9958621263504028,0.10411524772644043,0.03174757957458496
9,9,1.9325988292694092,1.9849156141281128,0.08021402359008789,0.04079079627990723
10,10,1.89486563205719,2.0155649185180664,0.08582162857055664,0.05207705497741699
11,11,1.9093765020370483,2.0519354343414307,0.1551661491394043,0.03206777572631836
12,12,1.9071592092514038,2.0716981887817383,0.07963037490844727,0.03162193298339844
13,13,1.8807215690612793,2.0327157974243164,0.15838980674743652,0.0435330867767334
14,14,1.8518816232681274,2.0331974029541016,0.11740779876708984,0.04528307914733887
15,15,1.8229819536209106,2.083101272583008,0.09527993202209473,0.032112836837768555
16,16,1.8248698711395264,2.144040584564209,0.09824800491333008,0.028779029846191406
17,17,1.8429038524627686,2.1552531719207764,0.07956504821777344,0.034919023513793945
18,18,1.8107930421829224,2.135394811630249,0.1723313331604004,0.015644550323486328
19,19,1.812565565109253,2.1263926029205322,0.12708020210266113,0.047926902770996094
20,20,1.794420838356018,2.166349411010742,0.09495353698730469,0.06411576271057129
21,21,1.788493275642395,2.1611289978027344,0.11183857917785645,0.031850337982177734
22,22,1.777604579925537,2.116262674331665,0.07936477661132812,0.032086849212646484
23,23,1.7692807912826538,2.0912833213806152,0.14534616470336914,0.030099153518676758
24,24,1.7396373748779297,2.1189897060394287,0.0635836124420166,0.03164958953857422
25,25,1.7591221332550049,,0.07947182655334473,
