,epoch,loss,val_loss,time,val_time
0,0,2.6182899475097656,3.5090484619140625,0.07872152328491211,0.015831708908081055
1,1,3.131848096847534,3.099161386489868,0.0787501335144043,0.027027130126953125
2,2,2.8477516174316406,2.958768844604492,0.06710505485534668,0.023108720779418945
3,3,2.68076753616333,2.8155438899993896,0.08829784393310547,0.031659841537475586
4,4,2.730008363723755,2.815004825592041,0.06368708610534668,0.031279563903808594
5,5,2.5731263160705566,2.973446846008301,0.08137726783752441,0.014565467834472656
6,6,2.6808054447174072,3.0683364868164062,0.07924580574035645,0.0160064697265625
7,7,2.6567301750183105,3.118476390838623,0.06301736831665039,0.040029048919677734
8,8,2.567202568054199,3.158622980117798,0.05465555191040039,0.03270459175109863
9,9,2.596072196960449,3.2474007606506348,0.06220531463623047,0.03144073486328125
10,10,2.591918706893921,3.324385166168213,0.06324529647827148,0.03535199165344238
11,11,2.560791254043579,3.4387364387512207,0.05923724174499512,0.031651973724365234
12,12,2.614076614379883,3.579415798187256,0.06392574310302734,0.03158688545227051
13,13,2.5533881187438965,3.695101261138916,0.06377553939819336,0.03203225135803223
14,14,2.563788414001465,3.738832473754883,0.07340431213378906,0.02148747444152832
15,15,2.5678083896636963,3.691802740097046,0.0627751350402832,0.03410792350769043
16,16,2.5427956581115723,3.646207571029663,0.0608670711517334,0.0358128547668457
17,17,2.519357919692993,3.5739309787750244,0.059210777282714844,0.03825235366821289
18,18,2.5143213272094727,3.4918477535247803,0.0706787109375,0.021779775619506836
19,19,2.461660623550415,3.411134958267212,0.05965733528137207,0.03179049491882324
20,20,2.521263360977173,3.3012726306915283,0.06356239318847656,0.03214550018310547
21,21,2.4452965259552,3.214078187942505,0.06354022026062012,0.039737701416015625
22,22,2.579784393310547,3.179119825363159,0.05870366096496582,0.029011964797973633
23,23,2.421846389770508,3.2381653785705566,0.07111167907714844,0.027338504791259766
24,24,2.4203059673309326,3.2827980518341064,0.0725705623626709,0.021202802658081055
25,25,2.4721078872680664,,0.06117701530456543,
