,epoch,loss,val_loss,time,val_time
0,0,1.8680115938186646,5.829560279846191,0.16895103454589844,0.04219508171081543
1,1,3.5824790000915527,2.412355899810791,0.10467958450317383,0.045331478118896484
2,2,2.016447067260742,2.083038091659546,0.12492132186889648,0.036861419677734375
3,3,1.9658080339431763,2.1228320598602295,0.12206721305847168,0.04532337188720703
4,4,2.0404269695281982,2.157433271408081,0.11345982551574707,0.04651784896850586
5,5,2.07620906829834,2.1823294162750244,0.11691927909851074,0.03560209274291992
6,6,2.0863394737243652,2.190182685852051,0.09836077690124512,0.03361845016479492
7,7,2.0636508464813232,2.1750874519348145,0.12042951583862305,0.03915905952453613
8,8,2.004640817642212,2.161536931991577,0.15088605880737305,0.041248321533203125
9,9,1.9444518089294434,2.168377637863159,0.16872620582580566,0.0381016731262207
10,10,1.9127556085586548,2.1701838970184326,0.09997797012329102,0.03979229927062988
11,11,1.8856748342514038,2.1798388957977295,0.10184454917907715,0.03540301322937012
12,12,1.86036217212677,2.2201616764068604,0.0999290943145752,0.03786134719848633
13,13,1.8778592348098755,2.1641321182250977,0.10371923446655273,0.0399937629699707
14,14,1.8614140748977661,2.1142420768737793,0.10340189933776855,0.05795431137084961
15,15,1.8167352676391602,2.1570632457733154,0.11897468566894531,0.044719696044921875
16,16,1.809313416481018,2.196347236633301,0.1083686351776123,0.03393816947937012
17,17,1.8057082891464233,2.2204806804656982,0.10882806777954102,0.0370333194732666
18,18,1.7816989421844482,2.226912498474121,0.11397099494934082,0.03297591209411621
19,19,1.7671018838882446,2.178966999053955,0.11817789077758789,0.14493918418884277
20,20,1.7311456203460693,2.1570093631744385,0.11123442649841309,0.03608965873718262
21,21,1.7235809564590454,2.1918892860412598,0.10872197151184082,0.04616284370422363
22,22,1.73101806640625,2.2255682945251465,0.10281586647033691,0.03264784812927246
23,23,1.7167365550994873,,0.09900164604187012,
