,epoch,loss,val_loss,time,val_time
0,0,2.661761999130249,4.465710163116455,0.0631875991821289,0.03188061714172363
1,1,3.956973075866699,2.9489004611968994,0.06376147270202637,0.037882089614868164
2,2,2.5993778705596924,2.868163585662842,0.057523488998413086,0.031307220458984375
3,3,2.7235922813415527,2.7859888076782227,0.06344127655029297,0.032044172286987305
4,4,2.6396641731262207,2.7565581798553467,0.0635535717010498,0.03213930130004883
5,5,2.6824374198913574,2.7304463386535645,0.06595730781555176,0.024873971939086914
6,6,2.475890874862671,2.8367340564727783,0.06965065002441406,0.013995170593261719
7,7,2.3699324131011963,3.056859254837036,0.08224940299987793,0.012023210525512695
8,8,10.78233814239502,2.9693498611450195,0.0791010856628418,0.0159456729888916
9,9,2.431201457977295,2.897379159927368,0.07884097099304199,0.01602482795715332
10,10,2.4110231399536133,2.8786370754241943,0.06340646743774414,0.03219342231750488
11,11,2.394378185272217,2.9334216117858887,0.0640113353729248,0.03289055824279785
12,12,2.452476978302002,3.0183916091918945,0.062245845794677734,0.01592111587524414
13,13,2.3870747089385986,3.0610365867614746,0.07949471473693848,0.01599907875061035
14,14,2.5334081649780273,3.1081745624542236,0.06309008598327637,0.03184390068054199
15,15,2.3320109844207764,3.2931153774261475,0.07893514633178711,0.015634775161743164
16,16,2.3429110050201416,3.6627047061920166,0.06348228454589844,0.03145027160644531
17,17,2.3246641159057617,4.171102523803711,0.07105350494384766,0.02467203140258789
18,18,2.2927637100219727,4.765611171722412,0.06601428985595703,0.029705286026000977
19,19,2.3574538230895996,4.852088451385498,0.06386566162109375,0.01584625244140625
20,20,2.2396037578582764,4.523926734924316,0.07915472984313965,0.01582789421081543
21,21,2.267465114593506,4.115113735198975,0.07912564277648926,0.01588296890258789
22,22,2.2055020332336426,3.898749828338623,0.06374120712280273,0.03174161911010742
23,23,2.2449254989624023,3.763155460357666,0.06334304809570312,0.01573634147644043
24,24,2.1952075958251953,3.7745487689971924,0.06367754936218262,0.03912973403930664
25,25,2.2245097160339355,3.8481500148773193,0.05632758140563965,0.03342580795288086
26,26,2.164738893508911,,0.061662912368774414,
