,epoch,loss,val_loss,time,val_time
0,0,2.6831445693969727,2.9314444065093994,0.07951021194458008,0.015654802322387695
1,1,2.9086833000183105,3.029616117477417,0.07952547073364258,0.03133559226989746
2,2,2.859842300415039,3.1029956340789795,0.06305074691772461,0.03169536590576172
3,3,2.6844470500946045,3.2830252647399902,0.0637660026550293,0.03255963325500488
4,4,2.6733174324035645,3.22733998298645,0.06277036666870117,0.032006263732910156
5,5,2.643376350402832,3.2486228942871094,0.06365561485290527,0.03874683380126953
6,6,2.547159433364868,3.4299733638763428,0.055428504943847656,0.04019784927368164
7,7,2.52654767036438,3.6002368927001953,0.06902599334716797,0.037947893142700195
8,8,2.504774332046509,3.5479657649993896,0.06870293617248535,0.01976776123046875
9,9,2.473593235015869,3.4037439823150635,0.07934761047363281,0.0157015323638916
10,10,2.474609613418579,3.4296045303344727,0.0793752670288086,0.015890836715698242
11,11,2.5480222702026367,3.5039262771606445,0.06342077255249023,0.0244293212890625
12,12,2.5105409622192383,3.524162530899048,0.05530953407287598,0.03999733924865723
13,13,2.4005370140075684,3.553760290145874,0.07073163986206055,0.027155160903930664
14,14,2.333343267440796,3.6557369232177734,0.0684366226196289,0.015725135803222656
15,15,2.4010918140411377,3.57619571685791,0.0822904109954834,0.027384519577026367
16,16,2.317626714706421,3.4322946071624756,0.06317996978759766,0.03130769729614258
17,17,2.306889772415161,3.3624236583709717,0.06364107131958008,0.031275272369384766
18,18,2.2820181846618652,3.3740761280059814,0.07446479797363281,0.01995086669921875
19,19,2.2792956829071045,3.431609630584717,0.06802678108215332,0.03513073921203613
20,20,2.2475922107696533,3.5288848876953125,0.06973743438720703,0.0265045166015625
21,21,2.230334997177124,,0.06897115707397461,
