,epoch,loss,val_loss,time,val_time
0,0,3.950666904449463,3.9047367572784424,0.0745697021484375,0.025873661041259766
1,1,3.8866753578186035,3.9632863998413086,0.07751989364624023,0.03461861610412598
2,2,3.8924765586853027,4.293946266174316,0.06568574905395508,0.03041863441467285
3,3,3.834310531616211,4.7253265380859375,0.07347416877746582,0.029488086700439453
4,4,3.8436431884765625,4.755593299865723,0.06672096252441406,0.02997422218322754
5,5,3.8455748558044434,4.714625358581543,0.0699470043182373,0.027094364166259766
6,6,3.854109525680542,4.646828651428223,0.06003928184509277,0.03186321258544922
7,7,3.810575008392334,4.539287090301514,0.07495331764221191,0.025290250778198242
8,8,3.8656888008117676,4.338566303253174,0.05874228477478027,0.03151988983154297
9,9,3.783238172531128,4.1531081199646,0.06304597854614258,0.035256385803222656
10,10,3.7850468158721924,4.04951286315918,0.07158803939819336,0.021193504333496094
11,11,3.7599937915802,3.992506742477417,0.07753944396972656,0.03152632713317871
12,12,3.7715752124786377,3.9689080715179443,0.06332135200500488,0.027479887008666992
13,13,3.8104445934295654,3.9537112712860107,0.06717562675476074,0.031180143356323242
14,14,3.770268201828003,3.9477970600128174,0.0633234977722168,0.03155875205993652
15,15,3.7561068534851074,3.955183744430542,0.06319952011108398,0.03997397422790527
16,16,3.744931697845459,3.968080759048462,0.07007908821105957,0.02493119239807129
17,17,3.712700366973877,4.00026798248291,0.05371594429016113,0.03239917755126953
18,18,3.7187461853027344,4.045271396636963,0.06347060203552246,0.036509037017822266
19,19,3.7073147296905518,4.09506368637085,0.05861544609069824,0.031783103942871094
20,20,3.697317123413086,4.139678478240967,0.06299400329589844,0.03635239601135254
21,21,3.6589736938476562,,0.05826544761657715,
