,epoch,loss,val_loss,time,val_time
0,0,1.9621952772140503,2.8556997776031494,0.12708353996276855,0.03593254089355469
1,1,2.3063182830810547,2.1706345081329346,0.12282800674438477,0.03126406669616699
2,2,2.0445733070373535,2.0939953327178955,0.09482598304748535,0.03418707847595215
3,3,1.9979088306427002,2.1860885620117188,0.12347197532653809,0.015872716903686523
4,4,2.0464141368865967,2.228410005569458,0.07965087890625,0.040801286697387695
5,5,2.0437839031219482,2.285609483718872,0.11610746383666992,0.015633106231689453
6,6,2.031243085861206,2.3661065101623535,0.12799739837646484,0.07882094383239746
7,7,1.9953629970550537,2.375279664993286,0.11139655113220215,0.071990966796875
8,8,1.9542322158813477,2.3177404403686523,0.11758875846862793,0.03219342231750488
9,9,1.9210156202316284,2.2901835441589355,0.11105990409851074,0.028597116470336914
10,10,1.893429160118103,2.2830824851989746,0.14930272102355957,0.062125444412231445
11,11,1.886609673500061,2.2831966876983643,0.07753539085388184,0.03127551078796387
12,12,1.8768601417541504,2.3619847297668457,0.06353449821472168,0.04503941535949707
13,13,1.8662683963775635,2.378209352493286,0.08247756958007812,0.03882598876953125
14,14,1.8445699214935303,2.314181089401245,0.10364127159118652,0.034056901931762695
15,15,1.817911148071289,2.247647523880005,0.07654142379760742,0.03170967102050781
16,16,1.830102801322937,2.25030779838562,0.09572553634643555,0.03176403045654297
17,17,1.825509786605835,2.301506757736206,0.126908540725708,0.046293020248413086
18,18,1.8184272050857544,2.366576671600342,0.09527850151062012,0.02519392967224121
19,19,1.7984490394592285,2.490502119064331,0.06996893882751465,0.03180694580078125
20,20,1.7906694412231445,2.51385760307312,0.07894015312194824,0.015887737274169922
21,21,1.7682087421417236,2.4475317001342773,0.07965993881225586,0.03218364715576172
22,22,1.7673029899597168,2.4726510047912598,0.07433342933654785,0.03672480583190918
23,23,1.7439228296279907,,0.07981514930725098,
