model_id,nrmse,r,r2,rmse
SalinityLSTM,0.0883125203783993,0.8900232315839788,0.7576355893979954,3.149224476693719
