,epoch,loss,val_loss,time,val_time
0,0,3.96635103225708,3.9922354221343994,0.0711524486541748,0.014000415802001953
1,1,3.907937526702881,4.265897750854492,0.07891130447387695,0.015820741653442383
2,2,3.871617078781128,4.725770473480225,0.08084630966186523,0.026535749435424805
3,3,3.900035858154297,4.706404685974121,0.06595420837402344,0.027022361755371094
4,4,3.8644814491271973,4.657431602478027,0.06756424903869629,0.025052785873413086
5,5,3.8558506965637207,4.569713115692139,0.07038402557373047,0.025987863540649414
6,6,3.8314452171325684,4.4793219566345215,0.05331778526306152,0.04041862487792969
7,7,3.8202831745147705,4.4233527183532715,0.07229375839233398,0.019831180572509766
8,8,3.8089115619659424,4.383082389831543,0.05743050575256348,0.01603221893310547
9,9,3.7962546348571777,4.3386077880859375,0.06319761276245117,0.043192148208618164
10,10,3.7730610370635986,4.32159423828125,0.05306124687194824,0.038928985595703125
11,11,3.7694175243377686,4.299492835998535,0.05662679672241211,0.039084672927856445
12,12,3.756290912628174,4.280632019042969,0.07154178619384766,0.025165319442749023
13,13,3.736271619796753,4.259637832641602,0.06967544555664062,0.01571965217590332
14,14,3.7528324127197266,4.236019611358643,0.07890987396240234,0.029291868209838867
15,15,3.7290844917297363,4.209601879119873,0.07552552223205566,0.025608539581298828
16,16,3.7232918739318848,4.185849189758301,0.057582855224609375,0.03153395652770996
17,17,3.7044620513916016,4.168501853942871,0.06295919418334961,0.03595423698425293
18,18,3.708474636077881,4.1563239097595215,0.05855584144592285,0.03193020820617676
19,19,3.6855781078338623,4.142963886260986,0.06395292282104492,0.03881478309631348
20,20,3.6803975105285645,4.127565860748291,0.05590534210205078,0.038080453872680664
21,21,3.653902530670166,,0.056833744049072266,
