,epoch,loss,val_loss,time,val_time
0,0,2.4489943981170654,7.569295406341553,0.0720829963684082,0.02888035774230957
1,1,3.264662742614746,4.827227592468262,0.06803202629089355,0.016628026962280273
2,2,3.0773813724517822,3.0911006927490234,0.07826066017150879,0.01564812660217285
3,3,2.6365437507629395,2.890441656112671,0.0792851448059082,0.015969276428222656
4,4,2.5202677249908447,3.2861852645874023,0.0800168514251709,0.014934301376342773
5,5,2.7972359657287598,3.0854220390319824,0.07934427261352539,0.0315861701965332
6,6,2.604926109313965,3.0882976055145264,0.06317973136901855,0.031662702560424805
7,7,2.5713577270507812,3.1127371788024902,0.07141900062561035,0.023777484893798828
8,8,2.5217628479003906,3.120490550994873,0.06311798095703125,0.03266501426696777
9,9,2.4035067558288574,3.3681540489196777,0.06835293769836426,0.026001453399658203
10,10,2.3749964237213135,3.7891387939453125,0.06378817558288574,0.016040325164794922
11,11,2.5488123893737793,3.7108190059661865,0.07909703254699707,0.03191041946411133
12,12,2.3927037715911865,3.4573776721954346,0.0640406608581543,0.025272369384765625
13,13,2.254342794418335,3.406541109085083,0.05412554740905762,0.0318145751953125
14,14,2.2614665031433105,3.417750358581543,0.06324410438537598,0.03140997886657715
15,15,2.2629759311676025,3.4940335750579834,0.06421637535095215,0.032071590423583984
16,16,2.2374320030212402,3.891819953918457,0.06321358680725098,0.016011953353881836
17,17,2.185792922973633,4.4682817459106445,0.06528806686401367,0.02106642723083496
18,18,2.1314287185668945,5.18096923828125,0.0648186206817627,0.02548956871032715
19,19,2.122814893722534,5.634838581085205,0.0642242431640625,0.03044414520263672
20,20,2.1264846324920654,5.478222370147705,0.06364798545837402,0.016689538955688477
21,21,2.082836866378784,5.199572563171387,0.07846450805664062,0.021369218826293945
22,22,2.065638303756714,4.5389533042907715,0.07395148277282715,0.026221036911010742
23,23,2.0845205783843994,3.7888166904449463,0.05367732048034668,0.031465768814086914
24,24,2.062955617904663,,0.06334543228149414,
