,epoch,loss,val_loss,time,val_time
0,0,2.918363094329834,3.1357028484344482,0.06621003150939941,0.029455184936523438
1,1,3.105229139328003,3.2684826850891113,0.07058858871459961,0.024303674697875977
2,2,2.915382146835327,2.959501266479492,0.06392836570739746,0.01587963104248047
3,3,2.621338367462158,2.9833714962005615,0.08259797096252441,0.025575876235961914
4,4,7.655337810516357,3.225558042526245,0.06528854370117188,0.02283501625061035
5,5,5.7168684005737305,2.9928269386291504,0.07164335250854492,0.01580977439880371
6,6,2.828864336013794,2.7840588092803955,0.06364679336547852,0.03187155723571777
7,7,2.772128105163574,2.9410195350646973,0.06366777420043945,0.03172898292541504
8,8,2.557600259780884,3.5886213779449463,0.06359100341796875,0.03190922737121582
9,9,2.5639848709106445,3.6575989723205566,0.06386947631835938,0.03141069412231445
10,10,2.670504331588745,3.1025030612945557,0.0627281665802002,0.03170275688171387
11,11,2.5362613201141357,3.3000171184539795,0.06383037567138672,0.01564478874206543
12,12,2.5532026290893555,3.2050411701202393,0.07939434051513672,0.015993595123291016
13,13,2.504889488220215,3.186030387878418,0.07865619659423828,0.01563429832458496
14,14,2.5897858142852783,3.2367258071899414,0.07917213439941406,0.01575779914855957
15,15,2.47334361076355,3.395214557647705,0.07957577705383301,0.015998125076293945
16,16,2.4195423126220703,3.6532275676727295,0.0788276195526123,0.015634775161743164
17,17,2.3542418479919434,4.169101715087891,0.06303548812866211,0.03154444694519043
18,18,2.331324815750122,4.728720664978027,0.06361246109008789,0.0321042537689209
19,19,2.3754327297210693,4.570578098297119,0.06337761878967285,0.03185296058654785
20,20,2.254277467727661,4.319371223449707,0.14287042617797852,0.015642166137695312
21,21,2.3434689044952393,4.207534313201904,0.07942390441894531,0.015686511993408203
22,22,2.2779605388641357,4.28631591796875,0.06295967102050781,0.03157401084899902
23,23,2.316779375076294,4.4408087730407715,0.06300878524780273,0.016085147857666016
24,24,2.251560688018799,4.759882926940918,0.07902932167053223,0.03185677528381348
25,25,2.328049421310425,5.239808559417725,0.06393551826477051,0.032036781311035156
26,26,2.3087539672851562,5.2958149909973145,0.0710289478302002,0.025394678115844727
27,27,2.2859079837799072,,0.0611424446105957,
