,epoch,loss,val_loss,time,val_time
0,0,4.095921516418457,4.3143415451049805,0.07862496376037598,0.027679443359375
1,1,3.9856724739074707,4.4337992668151855,0.06661033630371094,0.02736973762512207
2,2,3.926802396774292,4.472652435302734,0.06786036491394043,0.030239105224609375
3,3,3.9415817260742188,4.379583358764648,0.0639197826385498,0.01587510108947754
4,4,3.921389102935791,4.24919319152832,0.0800023078918457,0.03177237510681152
5,5,3.8897945880889893,4.128305435180664,0.06271576881408691,0.03131532669067383
6,6,3.866614580154419,4.041522026062012,0.06306195259094238,0.031629323959350586
7,7,3.8514511585235596,3.9974048137664795,0.06292867660522461,0.032922983169555664
8,8,3.8380489349365234,3.993825674057007,0.06504607200622559,0.03536391258239746
9,9,3.8333137035369873,4.014999866485596,0.06487464904785156,0.023754358291625977
10,10,3.823124647140503,4.0513386726379395,0.06364035606384277,0.03426861763000488
11,11,3.814467668533325,4.098910331726074,0.06045079231262207,0.036371707916259766
12,12,3.8029751777648926,4.160579204559326,0.058583974838256836,0.03173685073852539
13,13,3.7744154930114746,4.245241641998291,0.06321501731872559,0.0321199893951416
14,14,3.7670974731445312,4.284050941467285,0.06329083442687988,0.03315615653991699
15,15,3.7518982887268066,4.2892045974731445,0.06254100799560547,0.035767555236816406
16,16,3.761147975921631,4.27593994140625,0.05927705764770508,0.031835317611694336
17,17,3.737407684326172,4.258912086486816,0.0694589614868164,0.0255281925201416
18,18,3.7245285511016846,4.240969181060791,0.061081647872924805,0.0313715934753418
19,19,3.727814197540283,4.223775386810303,0.06902837753295898,0.025833845138549805
20,20,3.7271828651428223,4.206655979156494,0.07915568351745605,0.030562877655029297
21,21,3.706406354904175,4.185445308685303,0.06381869316101074,0.03175950050354004
22,22,3.700922727584839,4.157020568847656,0.06353998184204102,0.03151082992553711
23,23,3.686936855316162,4.126140594482422,0.07048654556274414,0.023768186569213867
24,24,3.6843059062957764,4.100359916687012,0.06381988525390625,0.031732797622680664
25,25,3.6613941192626953,4.0869317054748535,0.06326079368591309,0.039217233657836914
26,26,3.6553292274475098,4.08061408996582,0.07102108001708984,0.01603984832763672
27,27,3.6569507122039795,4.078403949737549,0.07974600791931152,0.026455402374267578
28,28,3.630962371826172,4.0835371017456055,0.1417388916015625,0.022243261337280273
29,29,3.6317474842071533,,0.0631256103515625,
