,epoch,loss,val_loss,time,val_time
0,0,4.407078266143799,6.188192844390869,0.07410407066345215,0.015992164611816406
1,1,3.807985782623291,4.4387383460998535,0.07835078239440918,0.01609969139099121
2,2,3.958366632461548,3.8846397399902344,0.07911133766174316,0.03177380561828613
3,3,3.742178201675415,3.94875168800354,0.06319332122802734,0.01578998565673828
4,4,3.843172073364258,3.8372838497161865,0.08446455001831055,0.025960445404052734
5,5,3.6622610092163086,3.901310920715332,0.0631418228149414,0.03206133842468262
6,6,3.579850912094116,4.23260498046875,0.06300902366638184,0.029990434646606445
7,7,3.6633248329162598,4.290347576141357,0.0654606819152832,0.029824256896972656
8,8,3.5324478149414062,4.370728969573975,0.07049083709716797,0.024272680282592773
9,9,3.487103223800659,4.563682556152344,0.06368541717529297,0.023802995681762695
10,10,3.5048115253448486,4.80462121963501,0.06009387969970703,0.031914710998535156
11,11,3.4712600708007812,5.151635646820068,0.06365489959716797,0.03494858741760254
12,12,3.3626585006713867,5.668605327606201,0.05977201461791992,0.030931711196899414
13,13,3.27734375,6.153755187988281,0.07274985313415527,0.02319502830505371
14,14,3.2669944763183594,6.229149341583252,0.06186413764953613,0.03218555450439453
15,15,3.1467902660369873,6.260189056396484,0.0629265308380127,0.031261444091796875
16,16,3.0557029247283936,6.707189083099365,0.06165719032287598,0.02964305877685547
17,17,2.981407642364502,7.22885799407959,0.06327176094055176,0.03183603286743164
18,18,2.880002737045288,7.651944160461426,0.0637674331665039,0.03386950492858887
19,19,2.8501057624816895,7.722702503204346,0.07768750190734863,0.015637636184692383
20,20,2.8233842849731445,7.350324630737305,0.07936239242553711,0.02689981460571289
21,21,2.7377638816833496,6.902174472808838,0.06945347785949707,0.0258331298828125
22,22,2.7326037883758545,6.379131317138672,0.0791478157043457,0.02582573890686035
23,23,2.767087936401367,5.850597858428955,0.06975078582763672,0.025555133819580078
24,24,2.656156539916992,5.456613540649414,0.06395888328552246,0.03204464912414551
25,25,2.657118797302246,,0.07293081283569336,
