,epoch,loss,val_loss,time,val_time
0,0,3.932960033416748,4.1490397453308105,0.0788722038269043,0.03166985511779785
1,1,3.846677541732788,4.388765811920166,0.07516813278198242,0.021222829818725586
2,2,3.771601438522339,4.629395484924316,0.07325243949890137,0.019725561141967773
3,3,3.7856287956237793,4.755595684051514,0.0789954662322998,0.11398530006408691
4,4,3.7252731323242188,4.759532451629639,0.06033730506896973,0.031746864318847656
5,5,3.7036917209625244,4.69832181930542,0.06415653228759766,0.03056931495666504
6,6,3.7003087997436523,4.631411552429199,0.06930422782897949,0.027170181274414062
7,7,3.6822116374969482,4.584102153778076,0.07305502891540527,0.0208284854888916
8,8,3.680187940597534,4.560385704040527,0.06313538551330566,0.038239240646362305
9,9,3.646005630493164,4.562449932098389,0.05725455284118652,0.038197994232177734
10,10,3.653265953063965,4.5813984870910645,0.05737709999084473,0.03759503364562988
11,11,3.639432668685913,4.6165947914123535,0.07113218307495117,0.017777204513549805
12,12,3.6124846935272217,4.654482364654541,0.07673478126525879,0.022629499435424805
13,13,3.593952178955078,4.683024883270264,0.05649828910827637,0.04081296920776367
14,14,3.6155903339385986,4.697640895843506,0.07114505767822266,0.03175640106201172
15,15,3.597900152206421,4.689455986022949,0.0627293586730957,0.0382084846496582
16,16,3.596780776977539,4.6509222984313965,0.05743408203125,0.03867602348327637
17,17,3.5770962238311768,4.59265661239624,0.07341980934143066,0.026894569396972656
18,18,3.5582213401794434,4.526301860809326,0.06701922416687012,0.01564955711364746
19,19,3.558800458908081,4.469254493713379,0.07995247840881348,0.01564335823059082
20,20,3.5381550788879395,4.4285478591918945,0.07954192161560059,0.01604008674621582
21,21,3.5379631519317627,,0.0634770393371582,
