,epoch,loss,val_loss,time,val_time
0,0,3.9612066745758057,3.908634901046753,0.06942343711853027,0.027451038360595703
1,1,3.924734354019165,3.9005496501922607,0.058322906494140625,0.03206944465637207
2,2,3.8750367164611816,3.9260709285736084,0.06616926193237305,0.028956890106201172
3,3,3.8808534145355225,4.003974914550781,0.07920980453491211,0.016054391860961914
4,4,3.8440568447113037,4.101115703582764,0.07889294624328613,0.01605534553527832
5,5,3.8156635761260986,4.192661285400391,0.07871079444885254,0.029788732528686523
6,6,3.8272972106933594,4.22654390335083,0.06375646591186523,0.031911373138427734
7,7,3.8032612800598145,4.207113742828369,0.06381559371948242,0.03193020820617676
8,8,3.7718167304992676,4.177663803100586,0.07915949821472168,0.031770944595336914
9,9,3.791898727416992,4.137158393859863,0.06386423110961914,0.03152632713317871
10,10,3.780796766281128,4.091007709503174,0.08022499084472656,0.014642953872680664
11,11,3.7393622398376465,4.055994510650635,0.07991409301757812,0.015635251998901367
12,12,3.7167458534240723,4.032986640930176,0.07977890968322754,0.03166937828063965
13,13,3.7200376987457275,4.0180768966674805,0.06355738639831543,0.03175497055053711
14,14,3.7107460498809814,4.006044864654541,0.07964062690734863,0.01564812660217285
15,15,3.7256386280059814,3.992068290710449,0.07909679412841797,0.01564192771911621
16,16,3.6865575313568115,3.978726863861084,0.07958269119262695,0.015845298767089844
17,17,3.687502145767212,3.966778039932251,0.08307909965515137,0.012439727783203125
18,18,3.687114715576172,3.9563896656036377,0.07929539680480957,0.01563739776611328
19,19,3.657109260559082,3.9472239017486572,0.07950139045715332,0.01601099967956543
20,20,3.663545608520508,3.9354357719421387,0.06377148628234863,0.03171658515930176
21,21,3.6559438705444336,3.9212167263031006,0.06318068504333496,0.03155946731567383
22,22,3.6380271911621094,,0.06440567970275879,
