,epoch,loss,val_loss,time,val_time
0,0,3.651426315307617,3.695664167404175,0.07918977737426758,0.021202564239501953
1,1,3.785304546356201,3.721466064453125,0.07217025756835938,0.02976226806640625
2,2,3.610823392868042,3.7208471298217773,0.06725907325744629,0.02718973159790039
3,3,3.636793613433838,3.718032121658325,0.05236077308654785,0.03998279571533203
4,4,3.559597969055176,3.718212604522705,0.055185794830322266,0.03833818435668945
5,5,3.5677082538604736,3.724266290664673,0.057264089584350586,0.03518986701965332
6,6,3.5309364795684814,3.7285525798797607,0.05967521667480469,0.03146004676818848
7,7,3.5156567096710205,3.727323055267334,0.06281161308288574,0.03133893013000488
8,8,3.4951541423797607,3.721865653991699,0.06327128410339355,0.027650833129882812
9,9,3.4686291217803955,3.718066453933716,0.06790351867675781,0.02799701690673828
10,10,3.491647481918335,3.7171475887298584,0.05158877372741699,0.03993582725524902
11,11,3.4648337364196777,3.719088315963745,0.059296369552612305,0.0273892879486084
12,12,3.4224817752838135,3.7199628353118896,0.06361865997314453,0.0319828987121582
13,13,3.424067258834839,3.7202916145324707,0.0633242130279541,0.02919292449951172
14,14,3.3811142444610596,3.7197749614715576,0.06549382209777832,0.02957010269165039
15,15,3.3837602138519287,3.7222349643707275,0.06825613975524902,0.0269014835357666
16,16,3.348767042160034,3.7280211448669434,0.06534862518310547,0.026093482971191406
17,17,3.337310314178467,3.7355663776397705,0.06459522247314453,0.01984715461730957
18,18,3.3098578453063965,3.743225574493408,0.0764920711517334,0.026178359985351562
19,19,3.2806396484375,3.751026153564453,0.0534052848815918,0.03186964988708496
20,20,3.3168282508850098,3.7619822025299072,0.06396484375,0.03139233589172363
21,21,3.2642598152160645,,0.07068896293640137,
