,epoch,loss,val_loss,time,val_time
0,0,4.032668113708496,3.898090124130249,0.06225419044494629,0.03163027763366699
1,1,3.9212121963500977,3.911044120788574,0.07023763656616211,0.027908802032470703
2,2,3.9690794944763184,3.9202616214752197,0.05880165100097656,0.03139829635620117
3,3,3.868882656097412,3.9155406951904297,0.06399297714233398,0.03361701965332031
4,4,3.926391363143921,3.910893440246582,0.061579227447509766,0.015645503997802734
5,5,3.8385636806488037,3.900261640548706,0.08020234107971191,0.01588582992553711
6,6,3.8670244216918945,3.8926289081573486,0.0634605884552002,0.03167581558227539
7,7,3.8198225498199463,3.886876106262207,0.06382250785827637,0.031974077224731445
8,8,4.13362979888916,3.8910391330718994,0.06281375885009766,0.03181004524230957
9,9,3.788090705871582,3.897265911102295,0.06302213668823242,0.03177332878112793
10,10,3.827091693878174,3.902144193649292,0.06278705596923828,0.025279521942138672
11,11,3.7901368141174316,3.902008533477783,0.06854128837585449,0.026445388793945312
12,12,3.7618987560272217,3.899653434753418,0.0532832145690918,0.03171896934509277
13,13,3.838374137878418,3.8990182876586914,0.06358647346496582,0.031453847885131836
14,14,3.770845413208008,3.8986258506774902,0.06208205223083496,0.03157305717468262
15,15,3.738849401473999,3.8988840579986572,0.06139063835144043,0.031415462493896484
16,16,3.8014142513275146,3.901581287384033,0.06253385543823242,0.015854835510253906
17,17,3.7345988750457764,3.9038686752319336,0.07947611808776855,0.01580023765563965
18,18,3.701549530029297,3.9046473503112793,0.07909202575683594,0.015983104705810547
19,19,3.7648215293884277,3.9056332111358643,0.07928252220153809,0.016188859939575195
20,20,3.710796356201172,3.909829616546631,0.07884883880615234,0.015636205673217773
21,21,3.688539743423462,3.9122889041900635,0.06360363960266113,0.03206515312194824
22,22,3.6778206825256348,3.9120748043060303,0.06428241729736328,0.01598501205444336
23,23,3.6640379428863525,3.9116251468658447,0.06481814384460449,0.0206451416015625
24,24,3.6453630924224854,3.9123663902282715,0.07454800605773926,0.025604963302612305
25,25,3.677701473236084,3.9162936210632324,0.05433058738708496,0.03186941146850586
26,26,3.654493808746338,3.9216866493225098,0.063873291015625,0.03387641906738281
27,27,3.601132869720459,3.927760362625122,0.06164121627807617,0.03179740905761719
28,28,3.617873191833496,,0.06340503692626953,
