,epoch,loss,val_loss,time,val_time
0,0,4.018536567687988,4.109886646270752,0.06954526901245117,0.028406143188476562
1,1,3.9722201824188232,4.041393756866455,0.058649301528930664,0.031674861907958984
2,2,3.891059398651123,4.00698709487915,0.07434630393981934,0.027181386947631836
3,3,3.8588709831237793,3.976870536804199,0.06994199752807617,0.028684139251708984
4,4,3.8345718383789062,3.981485366821289,0.06987786293029785,0.027571678161621094
5,5,3.8005096912384033,4.024429798126221,0.062436580657958984,0.03652191162109375
6,6,3.7909252643585205,4.121255874633789,0.05852842330932617,0.04192638397216797
7,7,3.773141622543335,4.264068126678467,0.06905293464660645,0.029176950454711914
8,8,3.751965284347534,4.423050880432129,0.06487035751342773,0.030499935150146484
9,9,3.7356626987457275,4.561638355255127,0.06528186798095703,0.041875362396240234
10,10,3.723937749862671,4.647242546081543,0.06776118278503418,0.026895999908447266
11,11,3.711289644241333,4.678698539733887,0.05281567573547363,0.024027347564697266
12,12,3.702974796295166,4.664330959320068,0.06909847259521484,0.023759841918945312
13,13,3.678739547729492,4.644400596618652,0.07468366622924805,0.027463436126708984
14,14,3.668480634689331,4.602538585662842,0.07059454917907715,0.024311304092407227
15,15,3.6604833602905273,4.540431499481201,0.0726463794708252,0.028764724731445312
16,16,3.651580572128296,4.440048694610596,0.06604528427124023,0.02469038963317871
17,17,3.6297380924224854,4.389286994934082,0.05831170082092285,0.04195761680603027
18,18,3.6127355098724365,4.37285041809082,0.06952881813049316,0.01584148406982422
19,19,3.601977586746216,4.351833820343018,0.07926535606384277,0.01587843894958496
20,20,3.598864793777466,4.314505577087402,0.07945060729980469,0.03135347366333008
21,21,3.5864005088806152,4.243178844451904,0.06380748748779297,0.03142142295837402
22,22,3.575068235397339,4.1653289794921875,0.06395864486694336,0.03143143653869629
23,23,3.546003818511963,4.111844062805176,0.07312393188476562,0.027268648147583008
24,24,3.537999153137207,,0.05582833290100098,
