,epoch,loss,val_loss,time,val_time
0,0,3.7504723072052,3.7899086475372314,0.15355753898620605,0.02147507667541504
1,1,3.866849184036255,3.8333871364593506,0.06018352508544922,0.0382237434387207
2,2,3.726917028427124,3.8269951343536377,0.07287311553955078,0.02806687355041504
3,3,3.7449185848236084,3.814979314804077,0.06691980361938477,0.02890753746032715
4,4,3.664588451385498,3.8408563137054443,0.06529736518859863,0.03207755088806152
5,5,3.6567962169647217,3.9539666175842285,0.07074809074401855,0.02829742431640625
6,6,3.613323926925659,4.148405075073242,0.06397461891174316,0.025216102600097656
7,7,3.6077678203582764,4.248103618621826,0.07497644424438477,0.019994258880615234
8,8,3.5986127853393555,4.2778730392456055,0.07703566551208496,0.027956724166870117
9,9,3.5812814235687256,4.27328634262085,0.06872940063476562,0.02477574348449707
10,10,3.6136975288391113,4.214072227478027,0.06981110572814941,0.03072500228881836
11,11,3.5771074295043945,4.096690654754639,0.06439948081970215,0.0293123722076416
12,12,3.5314409732818604,4.0041823387146,0.06915044784545898,0.023808717727661133
13,13,3.5330350399017334,3.9242923259735107,0.06843376159667969,0.026503324508666992
14,14,3.5122294425964355,3.895954132080078,0.06888365745544434,0.025621414184570312
15,15,3.5113627910614014,3.898862838745117,0.06129193305969238,0.03895306587219238
16,16,3.479921340942383,3.941392660140991,0.05598163604736328,0.04108619689941406
17,17,3.4569501876831055,4.006778240203857,0.06892180442810059,0.017049312591552734
18,18,3.438772678375244,4.083370208740234,0.07874584197998047,0.02642345428466797
19,19,3.406224250793457,4.173619747161865,0.06811070442199707,0.029915332794189453
20,20,3.451261520385742,4.207886695861816,0.0697484016418457,0.02543354034423828
21,21,3.4049928188323975,,0.06340289115905762,
