,epoch,loss,val_loss,time,val_time
0,0,2.40976881980896,3.6158668994903564,0.06670618057250977,0.03158211708068848
1,1,3.118276357650757,2.9135522842407227,0.06294751167297363,0.03383684158325195
2,2,2.5025479793548584,3.8759255409240723,0.061011552810668945,0.04189920425415039
3,3,3.247607707977295,3.4099180698394775,0.05307579040527344,0.037224769592285156
4,4,2.9821438789367676,2.7060706615448,0.06896114349365234,0.02086043357849121
5,5,2.3501040935516357,2.6580092906951904,0.06318211555480957,0.031668663024902344
6,6,2.350651979446411,2.7204394340515137,0.06348943710327148,0.03130817413330078
7,7,2.8758723735809326,2.7370071411132812,0.06731152534484863,0.024944305419921875
8,8,2.472212314605713,2.708284854888916,0.06287097930908203,0.0313720703125
9,9,2.39719820022583,2.718747138977051,0.06383919715881348,0.028249263763427734
10,10,2.28859281539917,3.023953676223755,0.06470394134521484,0.01822829246520996
11,11,2.37156343460083,3.300891160964966,0.07494664192199707,0.019040346145629883
12,12,2.235866069793701,3.703171968460083,0.07165002822875977,0.02151179313659668
13,13,2.2061662673950195,4.159558296203613,0.06484532356262207,0.022168874740600586
14,14,2.1995439529418945,4.895885467529297,0.05583524703979492,0.02438044548034668
15,15,2.1775341033935547,5.8066792488098145,0.06526589393615723,0.021518230438232422
16,16,2.2036211490631104,4.376498699188232,0.06343579292297363,0.03207087516784668
17,17,2.173495054244995,4.053978443145752,0.06305718421936035,0.01596236228942871
18,18,2.1381189823150635,4.236960411071777,0.07951021194458008,0.016075611114501953
19,19,2.115640878677368,3.9634182453155518,0.06319355964660645,0.03699350357055664
20,20,2.098217248916626,3.493863582611084,0.05855536460876465,0.03207087516784668
21,21,2.0631022453308105,3.1229147911071777,0.06387782096862793,0.016061782836914062
22,22,2.063462018966675,2.875498056411743,0.07710742950439453,0.018256425857543945
23,23,2.0386180877685547,2.851083993911743,0.07127785682678223,0.02339315414428711
24,24,2.0322349071502686,3.090977907180786,0.06324028968811035,0.03144192695617676
25,25,2.0265185832977295,3.4626009464263916,0.06317281723022461,0.029392719268798828
26,26,1.9755587577819824,,0.06527471542358398,
